Workbook

Sheet Bảng tổng
A1: Công ty TNHH Giấy Đông Á
A2: Thôn Mộc Ty, xã Trưng Trắc, huyện Văn Lâm, tỉnh Hưng Yên
A3: XUẤT NHẬP TỒN NĂM 2025
A7: STT | B7: Tên nguyên vật liệu | C7: Đơn vị tính | D7: Tồn đầu kỳ | E7: Số lượng nhập | F7: Số lượng xuất | G7: Tồn cuối | H7: Ghi chú
A9: 1 | B9: Vỏ hộp giấy ăn Shelton 120 vuông trắng 117*117*125mm | C9: Cái | D9: ='Hộp 120 Trắng'!G8 -> 0 | E9: ='Hộp 120 Trắng'!E56 -> 20980 | F9: ='Hộp 120 Trắng'!F56 -> 15173 | G9: =D9+E9-F9 -> 5807 | I9: =+G9/60 -> 96.783333
A10: =+A9+1 -> 2 | B10: Vỏ hộp giấy ăn Shelton 120 vuông lá xanh 114*125*130mm | C10: Cái | D10: ='Hộp 120 Xanh'!G9 -> 691 | E10: ='Hộp 120 Xanh'!E83 -> 21130 | F10: ='Hộp 120 Xanh'!F83 -> 17737 | G10: =D10+E10-F10 -> 4084 | I10: =+G10/60 -> 68.066667
A11: =+A10+1 -> 3 | B11: Vỏ hộp Shelton Hồng Vàng 180 tờ (90*120*220mm) | C11: Cái | D11: ='Hộp HV'!G8 -> 5672 | E11: ='Hộp HV'!E61 -> 0 | F11: ='Hộp HV'!F61 -> 3709 | G11: =D11+E11-F11 -> 1963
A12: =+A11+1 -> 4 | B12: Vỏ hộp Shelton Hồng Đỏ 180 tờ ( 90*120*220mm) | C12: Cái | D12: ='Hộp hồng đỏ'!G8 -> 8676 | E12: ='Hộp hồng đỏ'!E43 -> 0 | F12: ='Hộp hồng đỏ'!F43 -> 0 | G12: =D12+E12-F12 -> 8676
A13: =+A12+1 -> 5 | B13: Vỏ hộp Shelton Cánh bướm trắng 180 tờ (90*120*220mm) | C13: Cái | D13: ='Hộp bướm bạc'!G9 -> 762 | E13: ='Hộp bướm bạc'!E47 -> 0 | F13: ='Hộp bướm bạc'!F47 -> 420 | G13: =D13+E13-F13 -> 342 | J13: =110+266 -> 376
A14: =+A13+1 -> 6 | B14: Vỏ hộp Shelton hoa nhí Xanh 180 tờ (90*120*220mm) | C14: Cái | D14: ='Hộp NX'!G8 -> 1364 | E14: ='Hộp NX'!E58 -> 10130 | F14: ='Hộp NX'!F58 -> 4764 | G14: =D14+E14-F14 -> 6730
A15: =+A14+1 -> 7 | B15: vỏ hộp Shelton oto đen 180 tờ | C15: Cái | D15: ='Hộp oto'!G8 -> 649 | E15: ='Hộp oto'!E31 -> 0 | F15: ='Hộp oto'!F31 -> 0 | G15: =D15+E15-F15 -> 649
A16: =+A15+1 -> 8 | B16: Vỏ hộp Shelton cánh bướm đen 180 tờ | C16: Cái | D16: ='Hộp bướm đen'!G9 -> 6237 | E16: ='Hộp bướm đen'!E42 -> 0 | F16: ='Hộp bướm đen'!F42 -> 0 | G16: =D16+E16-F16 -> 6237
A17: =+A16+1 -> 9 | B17: Túi Nilong trắng đựng hộp 180 | C17: Kg | D17: ='Bao Trắng 180'!G8 -> 375 | E17: ='Bao Trắng 180'!E155 -> 0 | F17: ='Bao Trắng 180'!F155 -> 181.6 | G17: =D17+E17-F17 -> 193.4
A18: =+A17+1 -> 10 | B18: Túi nilong trắng đựng hộp 120 vuông | C18: Kg | D18: ='Bao Trắng 120'!G9 -> 189.1 | E18: ='Bao Trắng 120'!E91 -> 0 | F18: ='Bao Trắng 120'!F91 -> 123.2 | G18: =D18+E18-F18 -> 65.9
A19: =+A18+1 -> 11 | B19: Túi nilong NK 33*33 lá xanh | C19: Kg | D19: ='Nilon NK Lá cây'!G8 -> 44.9 | E19: ='Nilon NK Lá cây'!E41 -> 0 | F19: ='Nilon NK Lá cây'!F41 -> 4.6 | G19: =D19+E19-F19 -> 40.3
A20: =+A19+1 -> 12 | B20: Túi nilong Napkin hoa văn tròn 33*33 | C20: Kg | D20: ='Túi nilong tròn 33'!G8 -> 360.9 | E20: ='Túi nilong tròn 33'!E34 -> 0 | F20: ='Túi nilong tròn 33'!F34 -> 9.3 | G20: =D20+E20-F20 -> 351.6 | K20: =4*30+26+8 -> 154
A21: =+A20+1 -> 13 | B21: Túi nilong Napkin hoa văn tròn 23*23 | C21: Kg | D21: ='Túi nilong tròn 23'!G8 -> 366 | E21: ='Túi nilong tròn 23'!E35 -> 0 | F21: ='Túi nilong tròn 23'!F35 -> 0 | G21: =D21+E21-F21 -> 366
A22: =+A21+1 -> 14 | B22: Túi nilong Napkin 33*33 Cánh Bướm | C22: Cái | D22: ='Nilon NK cánh bướm'!G8 -> 10 | E22: ='Nilon NK cánh bướm'!E37 -> 0 | F22: ='Nilon NK cánh bướm'!F37 -> 0 | G22: =D22+E22-F22 -> 10
A23: =+A22+1 -> 15 | B23: Nilong soft back lá xanh 250 tờ | C23: Cái | D23: ='Nilon SP Lá cây'!G8 -> 132 | E23: ='Nilon SP Lá cây'!E91 -> 0 | F23: ='Nilon SP Lá cây'!F91 -> 0 | G23: =D23+E23-F23 -> 132
A24: =+A23+1 -> 16 | B24: Nilong soft back hoa văn tròn 250 tờ | C24: Cái | D24: ='Nilon SP Tròn'!G8 -> 64.2 | E24: ='Nilon SP Tròn'!E113 -> 0 | F24: ='Nilon SP Tròn'!F113 -> 6.8 | G24: =D24+E24-F24 -> 57.4
B25: Túi Giấy Vệ Sinh 207*710*94 10 cuộn | C25: Kg | D25: ='Túi GVS 2 lớp 10 cuộn Có lõi'!G8 -> 342.3 | E25: ='Túi GVS 2 lớp 10 cuộn Có lõi'!E35 -> 0 | F25: ='Túi GVS 2 lớp 10 cuộn Có lõi'!F35 -> 0 | G25: =D25+E25-F25 -> 342.3
B26: Túi giấy vệ sinh 3 lớp có lõi xanh ngọc | C26: Kg | D26: ='Túi GVS 10 cuộn 3 lớp Có lõi '!G8 -> 73.5 | E26: ='Túi GVS 10 cuộn 3 lớp Có lõi '!E58 -> 384 | F26: ='Túi GVS 10 cuộn 3 lớp Có lõi '!F58 -> 372.1 | G26: =D26+E26-F26 -> 85.4
B27: Túi giấy vệ sinh 3 lớp không lõi xanh dương | C27: Kg | D27: ='Túi GVS 10 cuộn 3 lớp không lõi'!G8 -> 221 | E27: ='Túi GVS 10 cuộn 3 lớp không lõi'!E34 -> 0 | F27: ='Túi GVS 10 cuộn 3 lớp không lõi'!F34 -> 101.3 | G27: =D27+E27-F27 -> 119.7
B28: Túi giấy vệ sinh 3 lớp 12 cuộn có lõi xanh ngọc M956 | C28: Kg | D28: ='Túi GVS 12 cuộn 3 lớp Có lõi. '!G8 -> 273.8 | E28: ='Túi GVS 12 cuộn 3 lớp Có lõi. '!E56 -> 0 | F28: ='Túi GVS 12 cuộn 3 lớp Có lõi. '!F56 -> 0.7 | G28: =D28+E28-F28 -> 273.1
B29: Túi giấy vệ sinh 3 lớp 12 cuộn không lõi xanh dương M934 | C29: Kg | D29: ='Túi GVS 12 cuộn 3 lớp không lõi'!G8 -> 274.9 | E29: ='Túi GVS 12 cuộn 3 lớp không lõi'!E61 -> 448 | F29: ='Túi GVS 12 cuộn 3 lớp không lõi'!F61 -> 381 | G29: =D29+E29-F29 -> 341.9
B30: Màng bọc cuộn CN POE khổ 45cm | C30: Kg | D30: ='Màng bọc cuộn CN'!G8 -> 147.1 | E30: ='Màng bọc cuộn CN'!E113 -> 781.74 | F30: ='Màng bọc cuộn CN'!F113 -> 940.45 | G30: =D30+E30-F30 -> -11.61
B31: Mạng CPP K315*40 Đa Năng 100 tờ | C31: Kg | D31: ='Màng ĐN 100 tờ'!G8 -> 359.7 | E31: ='Màng ĐN 100 tờ'!E113 -> 25.5 | F31: ='Màng ĐN 100 tờ'!F113 -> 211.9 | G31: =D31+E31-F31 -> 173.3
B32: Màng cuộn SP 250 tờ M871 CPP Mờ(175*175) | C32: Kg | D32: ='MÀNG SP 250 TỜ 2 LỚP M871'!G8 -> 171.8 | E32: ='MÀNG SP 250 TỜ 2 LỚP M871'!E114 -> 0 | F32: ='MÀNG SP 250 TỜ 2 LỚP M871'!F114 -> 0 | G32: =D32+E32-F32 -> 171.8
B33: Màng cuộn SP 100 tờ 4 lớp M857 CPP Mờ(115*175) | C33: Kg | D33: ='MÀNG SP 100 TỜ 4 LỚP M857'!G8 -> 256.6 | E33: ='MÀNG SP 100 TỜ 4 LỚP M857'!E113 -> 0 | F33: ='MÀNG SP 100 TỜ 4 LỚP M857'!F113 -> 37.1 | G33: =D33+E33-F33 -> 219.5
B34: Màng cuộn SP 100 tờ 3 lớp M864 CPP Mờ( 115*175) | C34: Kg | D34: ='MÀNG SP 100 TỜ 3 LỚP M864'!G8 -> 208.4 | E34: ='MÀNG SP 100 TỜ 3 LỚP M864'!E113 -> 4.7 | F34: ='MÀNG SP 100 TỜ 3 LỚP M864'!F113 -> 141.5 | G34: =D34+E34-F34 -> 71.6
B35: Màng cuộn SP 180 tờ 3 lớp M864 CPP Mờ( 195*175) | C35: Kg | D35: ='MÀNG SP 180 TỜ 3 LỚP '!G8 -> 227 | E35: ='MÀNG SP 180 TỜ 3 LỚP '!E113 -> 0 | F35: ='MÀNG SP 180 TỜ 3 LỚP '!F113 -> 47.6 | G35: =D35+E35-F35 -> 179.4
B36: Túi vệ sinh rút đáy M987 | C36: Kg | D36: ='TÚI VỆ SINH RÚT ĐÁY'!G8 -> 223.5 | E36: ='TÚI VỆ SINH RÚT ĐÁY'!E113 -> 0 | F36: ='TÚI VỆ SINH RÚT ĐÁY'!F113 -> 0 | G36: =D36+E36-F36 -> 223.5
B37: Túi đa năng rút M796 | C37: Kg | D37: ='TÚI RÚT ĐA NĂNG'!G8 -> 223.3 | E37: ='TÚI RÚT ĐA NĂNG'!E113 -> 0 | F37: ='TÚI RÚT ĐA NĂNG'!F113 -> 33.6 | G37: =D37+E37-F37 -> 189.7
B38: Túi GVS Shera 12 cuộn (70g) | C38: Kg | D38: ='Túi GVS có lõi Shera 12 cuộn'!G8 -> 250.3 | E38: ='Túi GVS có lõi Shera 12 cuộn'!E62 -> 7.6 | F38: ='Túi GVS có lõi Shera 12 cuộn'!F62 -> 145.3 | G38: =D38+E38-F38 -> 112.6
B39: Bao vô cây cuộn CN 47*95 | C39: Kg | D39: ='Bao vô cây CN '!G8 -> 552 | E39: ='Bao vô cây CN '!E153 -> 176.3 | F39: ='Bao vô cây CN '!F153 -> 357.5 | G39: =D39+E39-F39 -> 370.8
B40: Bao 5 cuộn 29*70 | C40: Kg | D40: ='Bao 5 cuộn CN'!G8 -> 523 | E40: ='Bao 5 cuộn CN'!E154 -> 334.5 | F40: ='Bao 5 cuộn CN'!F154 -> 347.4 | G40: =D40+E40-F40 -> 510.1
B41: Bao vô cây cuộn CN 55,8*72 | C41: Kg | D41: ='Bao vô cây CN 10 cuộn'!G8 -> 119 | E41: ='Bao vô cây CN 10 cuộn'!E153 -> 474 | F41: ='Bao vô cây CN 10 cuộn'!F153 -> 394.7 | G41: =D41+E41-F41 -> 198.3
B42: Bao vô cây 12 cuộn 665*105 | C42: Kg | D42: ='Bao vô cây 12 cuộn'!G8 -> 337 | E42: ='Bao vô cây 12 cuộn'!E153 -> 0 | F42: ='Bao vô cây 12 cuộn'!F153 -> 216.9 | G42: =D42+E42-F42 -> 120.1
B43: Bao vô cây 10 cuộn 555*100 | C43: Kg | D43: ='Bao vô cây 10 cuộn'!G8 -> 629 | E43: ='Bao vô cây 10 cuộn'!E155 -> 0 | F43: ='Bao vô cây 10 cuộn'!F155 -> 385.1 | G43: =D43+E43-F43 -> 243.9
B44: Bao trăng sp cân 3 lớp 200*175 | C44: Kg | D44: ='Bao trăng sp cân.3 lơp'!G9 -> 39.9 | E44: ='Bao trăng sp cân.3 lơp'!E91 -> 99 | F44: ='Bao trăng sp cân.3 lơp'!F91 -> 60 | G44: =D44+E44-F44 -> 78.9
B45: Bao trăng sp 10 gói | C45: Kg | D45: ='Bao trăng sp 10 gói'!G9 -> 6 | E45: ='Bao trăng sp 10 gói'!E92 -> 163 | F45: ='Bao trăng sp 10 gói'!F92 -> 71.5 | G45: =D45+E45-F45 -> 97.5
B46: Bao trắng sp cân 2 lớp 115*115 | C46: Kg | D46: ='Bao trăng sp cân.2 lơp '!G9 -> 176 | E46: ='Bao trăng sp cân.2 lơp '!E91 -> 0 | F46: ='Bao trăng sp cân.2 lơp '!F91 -> 0.5 | G46: =D46+E46-F46 -> 175.5
B47: Bao trăng CN 10 cuộn | C47: Kg | D47: ='Bao vô cây CN 10 cuộn'!G8 -> 119 | E47: ='Bao vô cây CN 10 cuộn'!E153 -> 474 | F47: ='Bao vô cây CN 10 cuộn'!F153 -> 394.7 | G47: =D47+E47-F47 -> 198.3
G48: =D48+E48-F48 -> 0
B49: Bao trăng 23 *23 cân : 44.2*22*5.5*5.5*5 | C49: Kg | D49: ='Bao trăng 23 cân'!G9 -> 167.9 | E49: ='Bao trăng 23 cân'!E140 -> 237.8 | F49: ='Bao trăng 23 cân'!F140 -> 220.1 | G49: =D49+E49-F49 -> 185.6
B50: Bao trăng 33 cân :22* 56*7,5 | C50: Kg | D50: ='Bao trăng 33 cân '!G9 -> 0 | E50: ='Bao trăng 33 cân '!E140 -> 110.5 | F50: ='Bao trăng 33 cân '!F140 -> 37.1 | G50: =D50+E50-F50 -> 73.4
A51: =+A24+1 -> 17 | B51: Thùng cattong khăn lụa soft pack 250 tờ ( 52.3x40.3x44.6) | C51: Cái | D51: ='Thùng catton SP'!G8 -> 24 | E51: ='Thùng catton SP'!E183 -> 1010 | F51: ='Thùng catton SP'!F183 -> 185 | G51: =D51+E51-F51 -> 849
A52: =+A51+1 -> 18 | B52: Thùng cattong khăn 120 tờ ( 67.6x48.2x39.5) | C52: Cái | D52: ='Thùng catton 120'!G8 -> 466 | E52: ='Thùng catton 120'!E93 -> 994 | F52: ='Thùng catton 120'!F93 -> 562 | G52: =D52+E52-F52 -> 898
A53: =+A52+1 -> 19 | B53: Thùng cattong Napkin 23*23 (48.4*36.4*45.6) | C53: Cái | D53: ='Thùng catton NK 23'!G8 -> 797 | E53: ='Thùng catton NK 23'!E100 -> 0 | F53: ='Thùng catton NK 23'!F100 -> 0 | G53: =D53+E53-F53 -> 797
A54: =+A53+1 -> 20 | B54: Thùng cattong Napkin 23 cân (48.4*36.4*45.6) | C54: Cái | D54: ='Thùng catton NK 23 cân'!G8 -> 78 | E54: ='Thùng catton NK 23 cân'!E144 -> 920 | F54: ='Thùng catton NK 23 cân'!F144 -> 1016 | G54: =D54+E54-F54 -> -18
A55: =+A54+1 -> 21 | B55: Thùng cattong khăn napkin 33*33 | C55: Cái | D55: ='Thùng catton NK 33'!G8 -> 788 | E55: ='Thùng catton NK 33'!E101 -> 0 | F55: ='Thùng catton NK 33'!F101 -> 49 | G55: =D55+E55-F55 -> 739
A56: =+A55+1 -> 22 | B56: Thùng cattong khăn hộp 180 tờ | C56: Cái | D56: ='Thùng catton 180'!G8 -> 691 | E56: ='Thùng catton 180'!E118 -> 0 | F56: ='Thùng catton 180'!F118 -> 156 | G56: =D56+E56-F56 -> 535
B57: Thùng catton GVS RÚT ĐÁY,365*330*255( 6 gói) | C57: Cái | D57: ='Thùng catton VS RÚT ĐÁY'!G8 -> 853 | E57: ='Thùng catton VS RÚT ĐÁY'!E119 -> 0 | F57: ='Thùng catton VS RÚT ĐÁY'!F119 -> 0 | G57: =D57+E57-F57 -> 853
B58: Thùng VS Rút Đáy 12 gói | C58: Cái | D58: ='Thùng catton VS RÚT ĐÁY 12g'!G8 -> 583 | E58: ='Thùng catton VS RÚT ĐÁY 12g'!E118 -> 0 | F58: ='Thùng catton VS RÚT ĐÁY 12g'!F118 -> 93 | G58: =D58+E58-F58 -> 490
B59: Thùng catton Khăn ĐA NĂNG RÚT ĐÁY.365*330*255 ( 6 gói) | C59: Cái | D59: ='Thùng catton ĐA NĂNG RÚT ĐÁY'!G8 -> 831 | E59: ='Thùng catton ĐA NĂNG RÚT ĐÁY'!E119 -> 0 | F59: ='Thùng catton ĐA NĂNG RÚT ĐÁY'!F119 -> 0 | G59: =D59+E59-F59 -> 831
B60: Thùng Đa Năng rút đáy 12 gói | C60: Cái | D60: ='Thùng catton ĐA NĂNG RÚT ĐÁY 12'!G8 -> 521 | E60: ='Thùng catton ĐA NĂNG RÚT ĐÁY 12'!E118 -> 0 | F60: ='Thùng catton ĐA NĂNG RÚT ĐÁY 12'!F118 -> 282 | G60: =D60+E60-F60 -> 239
B61: Thùng catton sp 175*175 .540*453*382 | C61: Cái | D61: ='Thùng catton SP 175- 2 LƠP.60G '!G8 -> 531 | E61: ='Thùng catton SP 175- 2 LƠP.60G '!E118 -> 0 | F61: ='Thùng catton SP 175- 2 LƠP.60G '!F118 -> 436 | G61: =D61+E61-F61 -> 95
B62: Thùng catton sp 175*175.360*273*270 | C62: Cái | D62: ='Thùng catton SP 175 - 2 LƠP.18G'!G8 -> 1060 | E62: ='Thùng catton SP 175 - 2 LƠP.18G'!E118 -> 0 | F62: ='Thùng catton SP 175 - 2 LƠP.18G'!F118 -> 0 | G62: =D62+E62-F62 -> 1060
B63: Thùng catton sp 3 lớp 115*175.360*260*245 | C63: Cái | D63: ='Thùng catton SP 115 - 3 LỚP'!G8 -> 605 | E63: ='Thùng catton SP 115 - 3 LỚP'!E118 -> 0 | F63: ='Thùng catton SP 115 - 3 LỚP'!F118 -> 0 | G63: =D63+E63-F63 -> 605
B64: Thùng catton sp 4 lớp 115*175.360*285*245 | C64: Cái | D64: ='Thùng catton SP 115 - 4 LỚP'!G8 -> 671 | E64: ='Thùng catton SP 115 - 4 LỚP'!E119 -> 0 | F64: ='Thùng catton SP 115 - 4 LỚP'!F119 -> 0 | G64: =D64+E64-F64 -> 671
B65: Thùng catton Sp 115 - lớp 100 tờ | C65: Cái | D65: ='Thùng catton SP 115 - 4 LỚP 100'!G8 -> 968 | E65: ='Thùng catton SP 115 - 4 LỚP 100'!E118 -> 0 | F65: ='Thùng catton SP 115 - 4 LỚP 100'!F118 -> 163 | G65: =D65+E65-F65 -> 805
B66: Thùng SP 3 lớp 115- 100 gói | C66: Cái | D66: ='Thùng catton SP 115 - 3 LỚP100 '!G8 -> 614 | E66: ='Thùng catton SP 115 - 3 LỚP100 '!E121 -> 0 | F66: ='Thùng catton SP 115 - 3 LỚP100 '!F121 -> 529 | G66: =D66+E66-F66 -> 85
A67: =+A56+1 -> 23 | B67: Phôi giấy NK 325,ĐL17, 1lớp | C67: Kg | D67: ='Phôi NK 325'!G8 -> 1743.6 | E67: ='Phôi NK 325'!E37 -> 0 | F67: ='Phôi NK 325'!F37 -> 1743.6 | G67: =D67+E67-F67 -> 0
A68: =+A67+1 -> 24 | B68: Phôi giấy NK 23,ĐL 17,1Lớp | C68: Kg | D68: ='Phôi NK 23'!G8 -> 16307 | E68: ='Phôi NK 23'!E97 -> 0 | F68: ='Phôi NK 23'!F97 -> 3996.5 | G68: =D68+E68-F68 -> 12310.5
A69: =+A68+1 -> 25 | B69: Phôi giấy FC 760, ĐL 13, 2 lớp | C69: Kg | D69: ='Phôi giấy KH 760'!G8 -> 6190 | E69: ='Phôi giấy KH 760'!E108 -> 0 | F69: ='Phôi giấy KH 760'!F108 -> 1571 | G69: =D69+E69-F69 -> 4619
B70: Phôi giấy XG K2850, ĐL 17, 1 lớp | C70: Kg | D70: ='Phôi giấy XG .KH 2850 ĐL 17'!G8 -> 6148 | E70: ='Phôi giấy XG .KH 2850 ĐL 17'!E108 -> 10369.7 | F70: ='Phôi giấy XG .KH 2850 ĐL 17'!F108 -> 9844.3 | G70: =D70+E70-F70 -> 6673.4
B71: Phôi giấy XG K2850, ĐL 14, 1 lớp | C71: Kg | D71: ='Phôi giấy XG. KH 2850 DL 14'!G8 -> 1927 | E71: ='Phôi giấy XG. KH 2850 DL 14'!E108 -> 3920.1 | G71: =D71+E71-F71 -> 5847.1
B72: Phôi giấy XG K2870, ĐL 15, 1 lớp | C72: Kg | D72: ='Phôi giấy XG. KH 2910 DL 15.gộp'!G8 -> 12510 | E72: ='Phôi giấy XG. KH 2910 DL 15.gộp'!E112 -> 8338.3 | F72: ='Phôi giấy XG. KH 2910 DL 15.gộp'!F112 -> 20848.6 | G72: =D72+E72-F72 -> -0.3
B73: Phôi giấy XG K2870, ĐL 16,5, 1 lớp | C73: Kg | D73: ='Phôi giấy XG. KH 2870 DL16,5'!G8 -> 4650 | E73: ='Phôi giấy XG. KH 2870 DL16,5'!E108 -> 0 | F73: ='Phôi giấy XG. KH 2870 DL16,5'!F108 -> 2761.6 | G73: =D73+E73-F73 -> 1888.4
B74: Phôi giấy XG K2870, ĐL 18,5 . 1 lớp | C74: Kg | D74: ='Phôi giấy XG. KH 2870 DL 18,5'!G8 -> 13030 | E74: ='Phôi giấy XG. KH 2870 DL 18,5'!E108 -> 0 | F74: ='Phôi giấy XG. KH 2870 DL 18,5'!F108 -> 8944.1 | G74: =D74+E74-F74 -> 4085.9
B75: Phôi giấy XG K2870, ĐL 18, 1 lớp | C75: Kg | D75: ='Phôi giấy XG. KH 2870 DL 18'!G8 -> 0 | E75: ='Phôi giấy XG. KH 2870 DL 18'!E108 -> 2005.4 | F75: ='Phôi giấy XG. KH 2870 DL 18'!F108 -> 2005.4 | G75: =D75+E75-F75 -> 0
B76: Phôi giấy XG K2770, ĐL 17, 1 lớp | C76: Kg | D76: ='Phôi giấy XG. KH 2770 DL 17'!G8 -> 4826 | E76: ='Phôi giấy XG. KH 2770 DL 17'!E108 -> 0 | F76: ='Phôi giấy XG. KH 2770 DL 17'!F108 -> 4879.5 | G76: =D76+E76-F76 -> -53.5
B77: Phôi giấy XG K2770, ĐL 14, 1 lớp | C77: Kg | D77: ='Phôi giấy XG. KH 2770 DL 14'!G8 -> 2850 | E77: ='Phôi giấy XG. KH 2770 DL 14'!E108 -> 0 | F77: ='Phôi giấy XG. KH 2770 DL 14'!F108 -> 2850.4 | G77: =D77+E77-F77 -> -0.4
B78: Phôi giấy XG K1420, ĐL 13, 2 lớp | C78: Kg | D78: ='Phôi giấy XGKH 1420 DL 13.2 LỚP'!G8 -> 3005.3 | E78: ='Phôi giấy XGKH 1420 DL 13.2 LỚP'!E109 -> 6282.4 | F78: ='Phôi giấy XGKH 1420 DL 13.2 LỚP'!F109 -> 5360.5 | G78: =D78+E78-F78 -> 3927.2
B79: Phôi giấy XG K1420, ĐL 15, 2 lớp | C79: Kg | D79: ='Phôi giấy XGKH 1420 DL 15,2L '!G8 -> 3442 | E79: ='Phôi giấy XGKH 1420 DL 15,2L '!E108 -> 6700.6 | F79: ='Phôi giấy XGKH 1420 DL 15,2L '!F108 -> 0 | G79: =D79+E79-F79 -> 10142.6
B80: Phôi giấy XG K1420, ĐL 22, 2 lớp | C80: Kg | D80: ='Phôi giấy XGKH 1420 DL 22.2 LỚP'!G8 -> 2587 | E80: ='Phôi giấy XGKH 1420 DL 22.2 LỚP'!E108 -> 0 | F80: ='Phôi giấy XGKH 1420 DL 22.2 LỚP'!F108 -> 0 | G80: =D80+E80-F80 -> 2587
B81: Phôi giấy XG K1420, ĐL 13, 3 lớp | C81: Kg | D81: ='Phôi giấy XGKH 1420 DL13, 3 LỚP'!G8 -> 8093 | E81: ='Phôi giấy XGKH 1420 DL13, 3 LỚP'!E111 -> 26896 | F81: ='Phôi giấy XGKH 1420 DL13, 3 LỚP'!F111 -> 25301.7 | G81: =D81+E81-F81 -> 9687.3
B82: Phôi giấy XG K24, ĐL 17, 2 lớp | C82: Kg | D82: ='Phôi giấy XGKH 240. DL17 2 LỚP'!G8 -> 13702 | E82: ='Phôi giấy XGKH 240. DL17 2 LỚP'!E110 -> 15696.3 | F82: ='Phôi giấy XGKH 240. DL17 2 LỚP'!F110 -> 18493.2 | G82: =D82+E82-F82 -> 10905.1
B83: Phôi giấy XG K800, ĐL 22, 2 lớp | C83: Kg | D83: ='Phôi giấy XGK800 . DL22'!G8 -> 8706 | E83: ='Phôi giấy XGK800 . DL22'!E108 -> 8517.4 | F83: ='Phôi giấy XGK800 . DL22'!F108 -> 5655.8 | G83: =D83+E83-F83 -> 11567.6
B84: Phôi giấy XG K2900, ĐL 17, 1 lớp | C84: Kg | D84: ='Phôi giấy XG. KH 2900 DL17'!G8 -> 0 | E84: ='Phôi giấy XG. KH 2900 DL17'!E108 -> 8898.9 | F84: ='Phôi giấy XG. KH 2900 DL17'!F108 -> 5349.1 | G84: =D84+E84-F84 -> 3549.8
B85: Phôi giấy XG K2900, ĐL 15, 1 lớp | C85: Kg | D85: ='Phôi giấy XG. KH 2870 DL15.gộp '!G8 -> 0 | E85: ='Phôi giấy XG. KH 2870 DL15.gộp '!E108 -> 8338.3 | F85: ='Phôi giấy XG. KH 2870 DL15.gộp '!F108 -> 8338.4 | G85: =D85+E85-F85 -> -0.1
B86: Phôi giấy BN K240, ĐL 17, 2lớp | D86: ='Phôi giấy BNKH 240. DL17 2L'!G8 -> 384 | E86: ='Phôi giấy BNKH 240. DL17 2L'!E108 -> 0 | F86: ='Phôi giấy BNKH 240. DL17 2L'!F108 -> 0 | G86: =D86+E86-F86 -> 384
B87: Phôi giấy LA, ĐL 13, 2 lớp | D87: ='Phôi giấy LAKH 1870 DL13, 2 LỚP'!G8 -> 5127 | E87: ='Phôi giấy LAKH 1870 DL13, 2 LỚP'!E108 -> 0 | F87: ='Phôi giấy LAKH 1870 DL13, 2 LỚP'!F108 -> 1015.5 | G87: =D87+E87-F87 -> 4111.5
B88: Phôi giấy phong khê BẮC NINH, K1900 ĐL 13, 2 lớp | D88: ='Phôi giấy BNKH 1900 DL13, 2L '!G8 -> 1143 | E88: ='Phôi giấy BNKH 1900 DL13, 2L '!E108 -> 0 | F88: ='Phôi giấy BNKH 1900 DL13, 2L '!F108 -> 0 | G88: =D88+E88-F88 -> 1143
B89: Phôi giấy Hoàng Long BẮC NINH, K1980 ĐL 13, 4lớp | D89: ='Phôi giấy HLKH 1980 DL13, 4 ớp'!G8 -> 6977 | E89: ='Phôi giấy HLKH 1980 DL13, 4 ớp'!E108 -> 0 | F89: ='Phôi giấy HLKH 1980 DL13, 4 ớp'!F108 -> 0 | G89: =D89+E89-F89 -> 6977
B90: Phôi giấy JP Corelex, ĐL 15, 1lớp | D90: ='Phôi giấy JPCORELEX DL 15'!G8 -> 0 | E90: ='Phôi giấy JPCORELEX DL 15'!E111 -> 23471 | F90: ='Phôi giấy JPCORELEX DL 15'!F111 -> 20299 | G90: =D90+E90-F90 -> 3172
B91: Phôi giấy jpicorelex, ĐL 18, 1lớp | D91: ='Phôi giấy JPCORELEX DL 18'!G8 -> 68 | E91: ='Phôi giấy JPCORELEX DL 18'!E108 -> 0 | F91: ='Phôi giấy JPCORELEX DL 18'!F108 -> 68 | G91: =D91+E91-F91 -> 0
B92: Phôi giấy AN HÒA k2850. DL 17 tăng bền ướt 5 kg | D92: ='Phôi giấy AN HÒA.K2850.DL 17.5'!G8 -> 6451 | E92: ='Phôi giấy AN HÒA.K2850.DL 17.5'!E108 -> 0 | F92: ='Phôi giấy AN HÒA.K2850.DL 17.5'!F108 -> 3664 | G92: =D92+E92-F92 -> 2787
B93: Phôi giấy AN HÒA K 2850. DL 17 tăng bền ướt 7 kg | D93: ='Phôi AN HÒA.K2850.DL17,gộp'!G8 -> 12836 | E93: ='Phôi AN HÒA.K2850.DL17,gộp'!E113 -> 47183.8 | F93: ='Phôi AN HÒA.K2850.DL17,gộp'!F113 -> 12427 | G93: =D93+E93-F93 -> 47592.8
A94: =+A69+1 -> 26 | B94: Băng dính trắng | C94: Cuộn | D94: ='Băng keo trắng'!G8 -> 178 | E94: ='Băng keo trắng'!E217 -> 540 | F94: ='Băng keo trắng'!F217 -> 628 | G94: =D94+E94-F94 -> 90
A95: =+A94+1 -> 27 | B95: Keo 3395FS | C95: Kg | D95: ='Keo 3395FS'!G8 -> 118.2 | E95: ='Keo 3395FS'!E35 -> 0 | F95: ='Keo 3395FS'!F35 -> 10.3 | G95: =D95+E95-F95 -> 107.9
A96: =+A95+1 -> 28 | B96: Tem khăn giấy 23*23 | C96: Cái | D96: ='Tem NK 23.'!G8 -> 30377 | E96: ='Tem NK 23.'!E99 -> 0 | F96: ='Tem NK 23.'!F99 -> 5851 | G96: =D96+E96-F96 -> 24526
A97: =+#REF!+1 -> #REF! | G97: =D97+E97-F97 -> 0
B98: Tổng cộng | E98: =SUM(E9:E97) -> 236042.84 | F98: =SUM(F9:F97) -> 222404.05 | G98: =SUM(G9:G97) -> 228610.99

Sheet Hộp 120 Trắng
A1: Công ty TNHH Giấy Đông Á
A2: Thôn Mộc Ty, xã Trưng Trắc, huyện Văn Lâm, tỉnh Hưng Yên
A3: THẺ KHO NGUYÊN VẬT LIỆU
A7: STT | B7: Ngày tháng | C7: Tên nguyên vật liệu | D7: ĐVT | E7: Số lượng nhập | F7: Số lượng xuất | G7: Tồn | H7: Người nhận | I7: Ghi chú
B8: 45658 | C8: Tồn đầu kỳ
A9: 1 | B9: 45660 | C9: Vỏ hộp giấy ăn Shelton 120 vuông trắng 117*117*125mm | D9: cái | E9: =26*400+80 -> 10480 | G9: =+G8+E9-F9 -> 10480 | H9: Nguyễn Thanh Tâm | I9: SX
A10: =+A9+1 -> 2 | B10: 45664 | C10: Vỏ hộp giấy ăn Shelton 120 vuông trắng 117*117*125mm | D10: cái | F10: 420 | G10: =+G9+E10-F10 -> 10060 | H10: Nguyễn Thanh Tâm | I10: SX
A11: =+A10+1 -> 3 | B11: 45665 | C11: Vỏ hộp giấy ăn Shelton 120 vuông trắng 117*117*125mm | D11: cái | F11: 1380 | G11: =+G10+E11-F11 -> 8680 | H11: Nguyễn Thanh Tâm | I11: SX
A12: =+A11+1 -> 4 | B12: 45666 | C12: Vỏ hộp giấy ăn Shelton 120 vuông trắng 117*117*125mm | D12: cái | F12: 1260 | G12: =+G11+E12-F12 -> 7420 | H12: Nguyễn Thanh Tâm | I12: SX
A13: =+A12+1 -> 5 | B13: 45667 | C13: Vỏ hộp giấy ăn Shelton 120 vuông trắng 117*117*125mm | D13: cái | F13: 1261 | G13: =+G12+E13-F13 -> 6159 | H13: Nguyễn Thanh Tâm | I13: SX
A14: =+A13+1 -> 6 | B14: 45668 | C14: Vỏ hộp giấy ăn Shelton 120 vuông trắng 117*117*125mm | D14: cái | F14: 1572 | G14: =+G13+E14-F14 -> 4587 | H14: Nguyễn Thanh Tâm | I14: SX
A15: =+A14+1 -> 7 | B15: 45759 | C15: Vỏ hộp giấy ăn Shelton 120 vuông trắng 117*117*125mm | D15: cái | F15: 420 | G15: =+G14+E15-F15 -> 4167 | H15: Nguyễn Thanh Tâm | I15: SX
A16: =+A15+1 -> 8 | B16: 45762 | C16: Vỏ hộp giấy ăn Shelton 120 vuông trắng 117*117*125mm | D16: cái | F16: 720 | G16: =+G15+E16-F16 -> 3447 | H16: Nguyễn Thanh Tâm | I16: SX
A17: =+A16+1 -> 9 | B17: 45763 | C17: Vỏ hộp giấy ăn Shelton 120 vuông trắng 115*115*115mm | D17: cái | F17: 360 | G17: =+G16+E17-F17 -> 3087
A18: =+A17+1 -> 10 | B18: 45764 | C18: Vỏ hộp giấy ăn Shelton 120 vuông trắng 115*115*115mm | D18: cái | F18: =18*60 -> 1080 | G18: =+G17+E18-F18 -> 2007 | H18: Nguyễn Thanh Tâm | I18: SX
A19: =+A18+1 -> 11 | B19: 45772 | C19: Vỏ hộp giấy ăn Shelton 120 vuông trắng 115*115*115mm | D19: cái | F19: 540 | G19: =+G18+E19-F19 -> 1467
A20: =+A19+1 -> 12 | B20: 45775 | C20: Vỏ hộp giấy ăn Shelton 120 vuông trắng 115*115*115mm | D20: cái | F20: 780 | G20: =+G19+E20-F20 -> 687 | H20: Nguyễn Thanh Tâm | I20: SX
A21: =+A20+1 -> 13 | B21: 45776 | C21: Vỏ hộp giấy ăn Shelton 120 vuông trắng 115*115*115mm | D21: cái | F21: 660 | G21: =+G20+E21-F21 -> 27 | H21: Nguyễn Thanh Tâm | I21: SX
A22: =+A21+1 -> 14 | B22: 45797 | C22: Vỏ hộp giấy ăn Shelton 120 vuông trắng 115*115*115mm | D22: cái | E22: 10500 | G22: =+G21+E22-F22 -> 10527 | H22: Nguyễn Thanh Tâm | I22: SX
A23: =+A22+1 -> 15 | B23: 45805 | C23: Vỏ hộp giấy ăn Shelton 120 vuông trắng 115*115*115mm | D23: cái | F23: 1720 | G23: =+G22+E23-F23 -> 8807 | H23: Nguyễn Thanh Tâm | I23: SX
A24: =+A23+1 -> 16 | B24: 45806 | C24: Vỏ hộp giấy ăn Shelton 120 vuông trắng 115*115*115mm | D24: cái | F24: 1140 | G24: =+G23+E24-F24 -> 7667 | H24: Nguyễn Thanh Tâm | I24: SX
A25: =+A24+1 -> 17 | B25: 45807 | C25: Vỏ hộp giấy ăn Shelton 120 vuông trắng 115*115*115mm | D25: cái | F25: 1560 | G25: =+G24+E25-F25 -> 6107 | H25: Nguyễn Thanh Tâm | I25: SX
A26: =+A25+1 -> 18 | B26: 45809 | C26: Vỏ hộp giấy ăn Shelton 120 vuông trắng 115*115*115mm | D26: cái | F26: 300 | G26: =+G25+E26-F26 -> 5807 | H26: Nguyễn Thanh Tâm | I26: SX
A27: =+A26+1 -> 19 | C27: Vỏ hộp giấy ăn Shelton 120 vuông trắng 115*115*115mm | D27: cái | G27: =+G26+E27-F27 -> 5807 | H27: Nguyễn Thanh Tâm | I27: SX
A28: =+A27+1 -> 20 | C28: Vỏ hộp giấy ăn Shelton 120 vuông trắng 115*115*115mm | D28: cái | G28: =+G27+E28-F28 -> 5807 | H28: Nguyễn Thanh Tâm | I28: SX
A29: =+A28+1 -> 21 | C29: Vỏ hộp giấy ăn Shelton 120 vuông trắng 115*115*115mm | D29: cái | G29: =+G28+E29-F29 -> 5807 | H29: Nguyễn Thanh Tâm | I29: SX
A30: =+A29+1 -> 22 | C30: Vỏ hộp giấy ăn Shelton 120 vuông trắng 115*115*115mm | D30: cái | G30: =+G29+E30-F30 -> 5807 | H30: Nguyễn Thanh Tâm | I30: SX
A31: =+A30+1 -> 23 | C31: Vỏ hộp giấy ăn Shelton 120 vuông trắng 115*115*115mm | D31: cái | G31: =+G30+E31-F31 -> 5807 | H31: Nguyễn Thanh Tâm | I31: SX | O31: =1478-660 -> 818
A32: =+A31+1 -> 24 | C32: Vỏ hộp giấy ăn Shelton 120 vuông trắng 115*115*115mm | D32: cái | G32: =+G31+E32-F32 -> 5807 | H32: Nguyễn Thanh Tâm | I32: SX
A33: =+A32+1 -> 25 | C33: Vỏ hộp giấy ăn Shelton 120 vuông trắng 115*115*115mm | D33: cái | G33: =+G32+E33-F33 -> 5807 | H33: Nguyễn Thanh Tâm | I33: SX
A34: =+A33+1 -> 26 | C34: Vỏ hộp giấy ăn Shelton 120 vuông trắng 115*115*115mm | D34: cái | G34: =+G33+E34-F34 -> 5807
A35: =+A34+1 -> 27 | C35: Vỏ hộp giấy ăn Shelton 120 vuông trắng 115*115*115mm | D35: cái | G35: =+G34+E35-F35 -> 5807
A36: =+A35+1 -> 28 | C36: Vỏ hộp giấy ăn Shelton 120 vuông trắng 115*115*115mm | D36: cái | G36: =+G35+E36-F36 -> 5807
A37: =+A36+1 -> 29 | C37: Vỏ hộp giấy ăn Shelton 120 vuông trắng 115*115*115mm | D37: cái | G37: =+G36+E37-F37 -> 5807
A38: =+A37+1 -> 30 | D38: cái | G38: =+G37+E38-F38 -> 5807
A39: =+A38+1 -> 31 | D39: cái | G39: =+G38+E39-F39 -> 5807
A40: =+A39+1 -> 32 | D40: cái | G40: =+G39+E40-F40 -> 5807
A41: =+A40+1 -> 33 | D41: cái | G41: =+G40+E41-F41 -> 5807
A42: =+A41+1 -> 34 | D42: cái | G42: =+G41+E42-F42 -> 5807
A43: =+A42+1 -> 35 | D43: cái | G43: =+G42+E43-F43 -> 5807
A44: =+A43+1 -> 36 | D44: cái | G44: =+G43+E44-F44 -> 5807
A45: =+A44+1 -> 37 | D45: cái | G45: =+G44+E45-F45 -> 5807
A46: =+A45+1 -> 38 | D46: cái | G46: =+G45+E46-F46 -> 5807
A47: =+A46+1 -> 39 | D47: cái | G47: =+G46+E47-F47 -> 5807
A48: =+A47+1 -> 40 | D48: cái | G48: =+G47+E48-F48 -> 5807
A49: =+A48+1 -> 41 | D49: cái | G49: =+G48+E49-F49 -> 5807
... A55: =+A54+1 -> 47 | D55: cái | G55: =+G54+E55-F55 -> 5807
C56: Tổng cộng | E56: =SUM(E9:E55) -> 20980 | F56: =SUM(F9:F55) -> 15173 | G56: =+E56-F56+G8 -> 5807

Sheet Hộp 80 Trắng 10,10
A1: Công ty TNHH Giấy Đông Á
A2: Thôn Mộc Ty, xã Trưng Trắc, huyện Văn Lâm, tỉnh Hưng Yên
A3: THẺ KHO NGUYÊN VẬT LIỆU
A7: STT | B7: Ngày tháng | C7: Tên nguyên vật liệu | D7: ĐVT | E7: Số lượng nhập | F7: Số lượng xuất | G7: Tồn | H7: Người nhận | I7: Ghi chú
B8: 45658 | C8: Tồn đầu kỳ | G8: 4
A9: 1 | C9: Vỏ hộp giấy ăn Shelton 120 vuông trắng 117*117*125mm | D9: cái | G9: =+G8+E9-F9 -> 4 | H9: Nguyễn Thanh Tâm | I9: SX
A10: =+A9+1 -> 2 | C10: Vỏ hộp giấy ăn Shelton 120 vuông trắng 117*117*125mm | D10: cái | G10: =+G9+E10-F10 -> 4 | H10: Nguyễn Thanh Tâm | I10: SX
A11: =+A10+1 -> 3 | C11: Vỏ hộp giấy ăn Shelton 120 vuông trắng 117*117*125mm | D11: cái | G11: =+G10+E11-F11 -> 4 | H11: Nguyễn Thanh Tâm | I11: SX
A12: =+A11+1 -> 4 | C12: Vỏ hộp giấy ăn Shelton 120 vuông trắng 117*117*125mm | D12: cái | G12: =+G11+E12-F12 -> 4 | H12: Nguyễn Thanh Tâm | I12: SX
A13: =+A12+1 -> 5 | C13: Vỏ hộp giấy ăn Shelton 120 vuông trắng 117*117*125mm | D13: cái | G13: =+G12+E13-F13 -> 4 | H13: Nguyễn Thanh Tâm | I13: SX
A14: =+A13+1 -> 6 | C14: Vỏ hộp giấy ăn Shelton 120 vuông trắng 117*117*125mm | D14: cái | G14: =+G13+E14-F14 -> 4 | H14: Nguyễn Thanh Tâm | I14: SX
A15: =+A14+1 -> 7 | C15: Vỏ hộp giấy ăn Shelton 120 vuông trắng 117*117*125mm | D15: cái | G15: =+G14+E15-F15 -> 4 | H15: Nguyễn Thanh Tâm | I15: SX
A16: =+A15+1 -> 8 | C16: Vỏ hộp giấy ăn Shelton 120 vuông trắng 117*117*125mm | D16: cái | G16: =+G15+E16-F16 -> 4 | H16: Nguyễn Thanh Tâm | I16: SX
A17: =+A16+1 -> 9 | C17: Vỏ hộp giấy ăn Shelton 120 vuông trắng 117*117*125mm | D17: cái | G17: =+G16+E17-F17 -> 4
A18: =+A17+1 -> 10 | C18: Vỏ hộp giấy ăn Shelton 120 vuông trắng 117*117*125mm | D18: cái | G18: =+G17+E18-F18 -> 4 | H18: Nguyễn Thanh Tâm | I18: SX
A19: =+A18+1 -> 11 | C19: Vỏ hộp giấy ăn Shelton 120 vuông trắng 117*117*125mm | D19: cái | G19: =+G18+E19-F19 -> 4 | H19: Nguyễn Thanh Tâm | I19: SX
A20: =+A19+1 -> 12 | C20: Vỏ hộp giấy ăn Shelton 120 vuông trắng 117*117*125mm | D20: cái | G20: =+G19+E20-F20 -> 4 | H20: Nguyễn Thanh Tâm | I20: SX
A21: =+A20+1 -> 13 | C21: Vỏ hộp giấy ăn Shelton 120 vuông trắng 117*117*125mm | D21: cái | G21: =+G20+E21-F21 -> 4 | H21: Nguyễn Thanh Tâm | I21: SX
A22: =+A21+1 -> 14 | C22: Vỏ hộp giấy ăn Shelton 120 vuông trắng 117*117*125mm | D22: cái | G22: =+G21+E22-F22 -> 4 | H22: Nguyễn Thanh Tâm | I22: SX
A23: =+A22+1 -> 15 | C23: Vỏ hộp giấy ăn Shelton 120 vuông trắng 117*117*125mm | D23: cái | G23: =+G22+E23-F23 -> 4
A24: =+A23+1 -> 16 | C24: Vỏ hộp giấy ăn Shelton 120 vuông trắng 117*117*125mm | D24: cái | G24: =+G23+E24-F24 -> 4
A25: =+A24+1 -> 17 | C25: Vỏ hộp giấy ăn Shelton 120 vuông trắng 117*117*125mm | D25: cái | G25: =+G24+E25-F25 -> 4
A26: =+A25+1 -> 18 | C26: Vỏ hộp giấy ăn Shelton 120 vuông trắng 117*117*125mm | D26: cái | G26: =+G25+E26-F26 -> 4
A27: =+A26+1 -> 19 | C27: Vỏ hộp giấy ăn Shelton 120 vuông trắng 117*117*125mm | D27: cái | G27: =+G26+E27-F27 -> 4
A28: =+A27+1 -> 20 | C28: Vỏ hộp giấy ăn Shelton 120 vuông trắng 117*117*125mm | D28: cái | G28: =+G27+E28-F28 -> 4
A29: =+A28+1 -> 21 | C29: Vỏ hộp giấy ăn Shelton 120 vuông trắng 117*117*125mm | D29: cái | G29: =+G28+E29-F29 -> 4
A30: =+A29+1 -> 22 | C30: Vỏ hộp giấy ăn Shelton 120 vuông trắng 117*117*125mm | D30: cái | G30: =+G29+E30-F30 -> 4
A31: =+A30+1 -> 23 | C31: Vỏ hộp giấy ăn Shelton 120 vuông trắng 117*117*125mm | D31: cái | G31: =+G30+E31-F31 -> 4
A32: =+A31+1 -> 24 | C32: Vỏ hộp giấy ăn Shelton 120 vuông trắng 117*117*125mm | D32: cái | G32: =+G31+E32-F32 -> 4
A33: =+A32+1 -> 25 | C33: Vỏ hộp giấy ăn Shelton 120 vuông trắng 117*117*125mm | D33: cái | G33: =+G32+E33-F33 -> 4
A34: =+A33+1 -> 26 | C34: Vỏ hộp giấy ăn Shelton 120 vuông trắng 117*117*125mm | D34: cái | G34: =+G33+E34-F34 -> 4
... A37: =+A36+1 -> 29 | C37: Vỏ hộp giấy ăn Shelton 120 vuông trắng 117*117*125mm | D37: cái | G37: =+G36+E37-F37 -> 4
A38: =+A37+1 -> 30 | D38: cái | G38: =+G37+E38-F38 -> 4
A39: =+A38+1 -> 31 | D39: cái | G39: =+G38+E39-F39 -> 4
A40: =+A39+1 -> 32 | D40: cái | G40: =+G39+E40-F40 -> 4
A41: =+A40+1 -> 33 | D41: cái | G41: =+G40+E41-F41 -> 4
A42: =+A41+1 -> 34 | D42: cái | G42: =+G41+E42-F42 -> 4
A43: =+A42+1 -> 35 | D43: cái | G43: =+G42+E43-F43 -> 4
A44: =+A43+1 -> 36 | D44: cái | G44: =+G43+E44-F44 -> 4
A45: =+A44+1 -> 37 | D45: cái | G45: =+G44+E45-F45 -> 4
A46: =+A45+1 -> 38 | D46: cái | G46: =+G45+E46-F46 -> 4
A47: =+A46+1 -> 39 | D47: cái | G47: =+G46+E47-F47 -> 4
A48: =+A47+1 -> 40 | D48: cái | G48: =+G47+E48-F48 -> 4
A49: =+A48+1 -> 41 | D49: cái | G49: =+G48+E49-F49 -> 4
... A55: =+A54+1 -> 47 | D55: cái | G55: =+G54+E55-F55 -> 4
C56: Tổng cộng | E56: =SUM(E9:E55) -> 0 | F56: =SUM(F9:F55) -> 0 | G56: =+E56-F56+G8 -> 4

Sheet Hộp 120 Xanh
A1: Công ty TNHH Giấy Đông Á
A2: Thôn Mộc Ty, xã Trưng Trắc, huyện Văn Lâm, tỉnh Hưng Yên
A4: THẺ KHO NGUYÊN VẬT LIỆU
A8: STT | B8: Ngày tháng | C8: Tên nguyên vật liệu | D8: ĐVT | E8: Số lượng nhập | F8: Số lượng xuất | G8: Tồn | H8: Người nhận | I8: Ghi chú
B9: 45658 | C9: Tồn đầu kỳ | G9: 691
A10: 1 | C10: Vỏ hộp giấy ăn Shelton 120 vuông lá xanh 114*125*130mm | D10: Cái | F10: 660 | G10: =+G9+E10-F10 -> 31 | H10: Nguyễn Thanh Tâm | I10: SX
A11: 2 | B11: 45681 | C11: Vỏ hộp giấy ăn Shelton 120 vuông Xanh 114*125*130mm | D11: Cái | E11: 10730 | G11: =+G10+E11-F11 -> 10761 | H11: Nguyễn Thanh Tâm | I11: SX
A12: =+A11+1 -> 3 | B12: 45695 | C12: Vỏ hộp giấy ăn Shelton 120 vuông Xanh 114*125*130mm | D12: Cái | F12: 720 | G12: =+G11+E12-F12 -> 10041 | H12: Nguyễn Thanh Tâm | I12: SX
A13: =+A12+1 -> 4 | B13: 45696 | C13: Vỏ hộp giấy ăn Shelton 120 vuông Xanh 114*125*130mm | D13: Cái | F13: 1204 | G13: =+G12+E13-F13 -> 8837 | H13: Nguyễn Thanh Tâm | I13: SX
A14: =+A13+1 -> 5 | B14: 45698 | C14: Vỏ hộp giấy ăn Shelton 120 vuông Xanh 114*125*130mm | D14: Cái | F14: 1674 | G14: =+G13+E14-F14 -> 7163 | H14: Nguyễn Thanh Tâm | I14: SX
A15: =+A14+1 -> 6 | B15: 45699 | C15: Vỏ hộp giấy ăn Shelton 120 vuông Xanh 114*125*130mm | D15: Cái | F15: 1501 | G15: =+G14+E15-F15 -> 5662 | H15: Nguyễn Thanh Tâm | I15: SX
A16: =+A15+1 -> 7 | B16: 45700 | C16: Vỏ hộp giấy ăn Shelton 120 vuông Xanh 114*125*130mm | D16: Cái | F16: 1540 | G16: =+G15+E16-F16 -> 4122
A17: =+A16+1 -> 8 | B17: 45757 | C17: Vỏ hộp giấy ăn Shelton 120 vuông Xanh 114*125*130mm | D17: Cái | F17: 1388 | G17: =+G16+E17-F17 -> 2734 | H17: Nguyễn Thanh Tâm | I17: SX
A18: =+A17+1 -> 9 | B18: 45758 | C18: Vỏ hộp giấy ăn Shelton 120 vuông Xanh 114*125*130mm | D18: Cái | F18: 1560 | G18: =+G17+E18-F18 -> 1174 | H18: Nguyễn Thanh Tâm | I18: SX | J18: Hỏng 1 hộp
A19: =+A18+1 -> 10 | B19: 45759 | C19: Vỏ hộp giấy ăn Shelton 120 vuông Xanh 114*125*130mm | D19: Cái | F19: 1200 | G19: =+G18+E19-F19 -> -26 | H19: Nguyễn Thanh Tâm | I19: SX
A20: =+A19+1 -> 11 | B20: 45789 | C20: Vỏ hộp giấy ăn Shelton 120 vuông Xanh 114*125*130mm | D20: Cái | E20: 10400 | G20: =+G19+E20-F20 -> 10374 | H20: Nguyễn Thanh Tâm | I20: SX
A21: =+A20+1 -> 12 | B21: 45809 | C21: Vỏ hộp giấy ăn Shelton 120 vuông Xanh 114*125*130mm | D21: Cái | F21: 2174 | G21: =+G20+E21-F21 -> 8200 | H21: Nguyễn Thanh Tâm | I21: SX | J21: Hỏng 2 cái
A22: =+A21+1 -> 13 | B22: 45939 | C22: Vỏ hộp giấy ăn Shelton 120 vuông Xanh 114*125*130mm | D22: Cái | F22: 1414 | G22: =+G21+E22-F22 -> 6786 | H22: Nguyễn Thanh Tâm | I22: SX
A23: =+A22+1 -> 14 | B23: 45940 | C23: Vỏ hộp giấy ăn Shelton 120 vuông Xanh 114*125*130mm | D23: Cái | F23: 2702 | G23: =+G22+E23-F23 -> 4084 | H23: Nguyễn Thanh Tâm | I23: SX
A24: =+A23+1 -> 15 | C24: Vỏ hộp giấy ăn Shelton 120 vuông Xanh 114*125*130mm | D24: Cái | G24: =+G23+E24-F24 -> 4084 | H24: Nguyễn Thanh Tâm | I24: SX
A25: =+A24+1 -> 16 | C25: Vỏ hộp giấy ăn Shelton 120 vuông Xanh 114*125*130mm | D25: Cái | G25: =+G24+E25-F25 -> 4084 | H25: Nguyễn Thanh Tâm | I25: SX
A26: =+A25+1 -> 17 | C26: Vỏ hộp giấy ăn Shelton 120 vuông Xanh 114*125*130mm | D26: Cái | G26: =+G25+E26-F26 -> 4084 | H26: Nguyễn Thanh Tâm | I26: SX | J26: hỏng 1 hộp
A27: =+A26+1 -> 18 | C27: Vỏ hộp giấy ăn Shelton 120 vuông Xanh 114*125*130mm | D27: Cái | G27: =+G26+E27-F27 -> 4084 | H27: Nguyễn Thanh Tâm | I27: SX | J27: hỏng 2 hộp
A28: =+A27+1 -> 19 | C28: Vỏ hộp giấy ăn Shelton 120 vuông Xanh 114*125*130mm | D28: Cái | G28: =+G27+E28-F28 -> 4084 | H28: Nguyễn Thanh Tâm | I28: SX
A29: =+A28+1 -> 20 | C29: Vỏ hộp giấy ăn Shelton 120 vuông Xanh 114*125*130mm | D29: Cái | G29: =+G28+E29-F29 -> 4084 | H29: Nguyễn Thị Liên | I29: Thử máy
A30: =+A29+1 -> 21 | C30: Vỏ hộp giấy ăn Shelton 120 vuông Xanh 114*125*130mm | D30: Cái | G30: =+G29+E30-F30 -> 4084 | H30: Nguyễn Thị Liên | I30: SX | J30: Hỏng 10 cái
A31: =+A30+1 -> 22 | C31: Vỏ hộp giấy ăn Shelton 120 vuông Xanh 114*125*130mm | D31: Cái | G31: =+G30+E31-F31 -> 4084 | H31: Nguyễn Thị Liên | I31: SX
A32: =+A31+1 -> 23 | C32: Vỏ hộp giấy ăn Shelton 120 vuông Xanh 114*125*130mm | D32: cái | G32: =+G31+E32-F32 -> 4084 | H32: Nguyễn thị Liên | I32: SX
A33: =+A32+1 -> 24 | C33: Vỏ hộp giấy ăn Shelton 120 vuông Xanh 114*125*130mm | D33: cái | G33: =+G32+E33-F33 -> 4084
A34: =+A33+1 -> 25 | C34: Vỏ hộp giấy ăn Shelton 120 vuông Xanh 114*125*130mm | D34: cái | G34: =+G33+E34-F34 -> 4084 | H34: Nguyễn Thanh Tâm | I34: SX
A35: =+A34+1 -> 26 | C35: Vỏ hộp giấy ăn Shelton 120 vuông Xanh 114*125*130mm | D35: cái | G35: =+G34+E35-F35 -> 4084 | H35: Nguyễn Thanh Tâm | I35: SX
C36: Vỏ hộp giấy ăn Shelton 120 vuông Xanh 114*125*130mm | D36: cái | G36: =+G35+E36-F36 -> 4084 | H36: Nguyễn Thanh Tâm | I36: SX
A37: =+A35+1 -> 27 | C37: Vỏ hộp giấy ăn Shelton 120 vuông Xanh 114*125*130mm | D37: cái | G37: =+G36+E37-F37 -> 4084 | H37: Nguyễn Thanh Tâm | I37: SX
A38: =+A37+1 -> 28 | C38: Vỏ hộp giấy ăn Shelton 120 vuông Xanh 114*125*130mm | D38: cái | G38: =+G37+E38-F38 -> 4084 | H38: Nguyễn Thanh Tâm | I38: SX
A39: =+A38+1 -> 29 | C39: Vỏ hộp giấy ăn Shelton 120 vuông Xanh 114*125*130mm | D39: cái | G39: =+G38+E39-F39 -> 4084 | H39: Nguyễn Thanh Tâm | I39: SX
C40: Vỏ hộp giấy ăn Shelton 120 vuông Xanh 114*125*130mm | D40: cái | G40: =+G39+E40-F40 -> 4084 | H40: Nguyễn Thanh Tâm | I40: SX
C41: Vỏ hộp giấy ăn Shelton 120 vuông Xanh 114*125*130mm | D41: cái | G41: =+G40+E41-F41 -> 4084 | H41: Nguyễn Thanh Tâm | I41: SX
C42: Vỏ hộp giấy ăn Shelton 120 vuông Xanh 114*125*130mm | D42: cái | G42: =+G41+E42-F42 -> 4084
C43: Vỏ hộp giấy ăn Shelton 120 vuông Xanh 114*125*130mm | D43: cái | G43: =+G42+E43-F43 -> 4084
C44: Vỏ hộp giấy ăn Shelton 120 vuông Xanh 114*125*130mm | D44: cái | G44: =+G43+E44-F44 -> 4084
A45: =+A39+1 -> 30 | C45: Vỏ hộp giấy ăn Shelton 120 vuông Xanh 114*125*130mm | D45: cái | G45: =+G44+E45-F45 -> 4084 | H45: Nguyễn Thanh Tâm | I45: SX
A46: =+A45+1 -> 31 | C46: Vỏ hộp giấy ăn Shelton 120 vuông Xanh 114*125*130mm | D46: cái | G46: =+G45+E46-F46 -> 4084 | H46: Nguyễn Thanh Tâm | I46: SX
A47: =+A46+1 -> 32 | C47: Vỏ hộp giấy ăn Shelton 120 vuông Xanh 114*125*130mm | D47: cái | G47: =+G46+E47-F47 -> 4084 | H47: Nguyễn Thanh Tâm | I47: SX
A48: =+A47+1 -> 33 | C48: Vỏ hộp giấy ăn Shelton 120 vuông Xanh 114*125*130mm | D48: cái | G48: =+G47+E48-F48 -> 4084 | H48: Nguyễn Thanh Tâm | I48: SX
A49: =+A48+1 -> 34 | C49: Vỏ hộp giấy ăn Shelton 120 vuông Xanh 114*125*130mm | D49: cái | G49: =+G48+E49-F49 -> 4084 | H49: Nguyễn Thanh Tâm | I49: SX
A50: =+A49+1 -> 35 | C50: Vỏ hộp giấy ăn Shelton 120 vuông Xanh 114*125*130mm | D50: cái | G50: =+G49+E50-F50 -> 4084 | H50: Nguyễn Thanh Tâm | I50: SX | J50: Hỏng 5 cái hộp
A51: =+A50+1 -> 36 | C51: Vỏ hộp giấy ăn Shelton 120 vuông Xanh 114*125*130mm | D51: cái | G51: =+G50+E51-F51 -> 4084 | H51: Nguyễn Thanh Tâm | I51: SX
A52: =+A51+1 -> 37 | C52: Vỏ hộp giấy ăn Shelton 120 vuông Xanh 114*125*130mm | D52: cái | G52: =+G51+E52-F52 -> 4084 | H52: Nguyễn Thanh Tâm | I52: SX | J52: Hỏng 1 cái hộp
A53: =+A52+1 -> 38 | C53: Vỏ hộp giấy ăn Shelton 120 vuông Xanh 114*125*130mm | D53: cái | G53: =+G52+E53-F53 -> 4084 | H53: Nguyễn Thanh Tâm | I53: SX
A54: =+A53+1 -> 39 | C54: Vỏ hộp giấy ăn Shelton 120 vuông Xanh 114*125*130mm | D54: cái | G54: =+G53+E54-F54 -> 4084 | H54: Nguyễn Thanh Tâm | I54: SX
C55: Vỏ hộp giấy ăn Shelton 120 vuông Xanh 114*125*130mm | D55: cái | G55: =+G54+E55-F55 -> 4084 | H55: Nguyễn Thanh Tâm | I55: SX
C56: Vỏ hộp giấy ăn Shelton 120 vuông Xanh 114*125*130mm | D56: cái | G56: =+G55+E56-F56 -> 4084 | H56: Nguyễn Thanh Tâm | I56: SX
C57: Vỏ hộp giấy ăn Shelton 120 vuông Xanh 114*125*130mm | D57: cái | G57: =+G56+E57-F57 -> 4084
C58: Vỏ hộp giấy ăn Shelton 120 vuông Xanh 114*125*130mm | D58: cái | G58: =+G57+E58-F58 -> 4084
C59: Vỏ hộp giấy ăn Shelton 120 vuông Xanh 114*125*130mm | D59: cái | G59: =+G58+E59-F59 -> 4084
C60: Vỏ hộp giấy ăn Shelton 120 vuông Xanh 114*125*130mm | D60: cái | G60: =+G59+E60-F60 -> 4084
C61: Vỏ hộp giấy ăn Shelton 120 vuông Xanh 114*125*130mm | D61: cái | G61: =+G60+E61-F61 -> 4084
C62: Vỏ hộp giấy ăn Shelton 120 vuông Xanh 114*125*130mm | D62: cái | G62: =+G61+E62-F62 -> 4084
C63: Vỏ hộp giấy ăn Shelton 120 vuông Xanh 114*125*130mm | D63: cái | G63: =+G62+E63-F63 -> 4084
C64: Vỏ hộp giấy ăn Shelton 120 vuông Xanh 114*125*130mm | D64: cái | G64: =+G63+E64-F64 -> 4084
C65: Vỏ hộp giấy ăn Shelton 120 vuông Xanh 114*125*130mm | D65: cái | G65: =+G64+E65-F65 -> 4084
C66: Vỏ hộp giấy ăn Shelton 120 vuông Xanh 114*125*130mm | D66: cái | G66: =+G65+E66-F66 -> 4084
C67: Vỏ hộp giấy ăn Shelton 120 vuông Xanh 114*125*130mm | D67: cái | G67: =+G66+E67-F67 -> 4084
C68: Vỏ hộp giấy ăn Shelton 120 vuông Xanh 114*125*130mm | D68: cái | G68: =+G67+E68-F68 -> 4084
... C73: Vỏ hộp giấy ăn Shelton 120 vuông Xanh 114*125*130mm | D73: cái | G73: =+G72+E73-F73 -> 4084
A74: =+A54+1 -> 40 | C74: Vỏ hộp giấy ăn Shelton 120 vuông Xanh 114*125*130mm | D74: cái | G74: =+G73+E74-F74 -> 4084
C75: Vỏ hộp giấy ăn Shelton 120 vuông Xanh 114*125*130mm | D75: cái | G75: =+G74+E75-F75 -> 4084
C76: Vỏ hộp giấy ăn Shelton 120 vuông Xanh 114*125*130mm | D76: cái | G76: =+G75+E76-F76 -> 4084
C77: Vỏ hộp giấy ăn Shelton 120 vuông Xanh 114*125*130mm | D77: cái | G77: =+G76+E77-F77 -> 4084
C78: Vỏ hộp giấy ăn Shelton 120 vuông Xanh 114*125*130mm | D78: cái | G78: =+G77+E78-F78 -> 4084
C79: Vỏ hộp giấy ăn Shelton 120 vuông Xanh 114*125*130mm | D79: cái | G79: =+G78+E79-F79 -> 4084
G80: =+G79+E80-F80 -> 4084
A81: =+A74+1 -> 41 | G81: =+G80+E81-F81 -> 4084
A82: =+A81+1 -> 42 | G82: =+G81+E82-F82 -> 4084
C83: Tổng cộng | E83: =SUM(E11:E82) -> 21130 | F83: =+SUM(F10:F82) -> 17737 | G83: =+G9-F83+E83 -> 4084
F84: =+F83+G83 -> 21821
F85: =+F84-3893 -> 17928
H86: =7194+1000 -> 8194
F105: =33+300+300+150 -> 783
F106: =+F105-576 -> 207

Sheet Hộp bướm đen
A1: Công ty TNHH Giấy Đông Á
A2: Thôn Mộc Ty, xã Trưng Trắc, huyện Văn Lâm, tỉnh Hưng Yên
A4: THẺ KHO NGUYÊN VẬT LIỆU
A8: STT | B8: Ngày tháng | C8: Tên nguyên vật liệu | D8: ĐVT | E8: Số lượng nhập | F8: Số lượng xuất | G8: Tồn | H8: Người nhận | I8: Ghi chú
B9: 45658 | C9: Tồn đầu kỳ | G9: 6237
A10: 1 | C10: Vỏ hộp Shelton cánh bướm đen 180 tờ | D10: cái | G10: =+G9+E10-F10 -> 6237
A11: =+A10+1 -> 2 | C11: Vỏ hộp Shelton cánh bướm đen 180 tờ | D11: cái | G11: =+G10+E11-F11 -> 6237
A12: =+A11+1 -> 3 | C12: Vỏ hộp Shelton cánh bướm đen 180 tờ | D12: cái | G12: =+G11+E12-F12 -> 6237
A13: =+A12+1 -> 4 | C13: Vỏ hộp Shelton cánh bướm đen 180 tờ | D13: cái | G13: =+G12+E13-F13 -> 6237
A14: =+A13+1 -> 5 | C14: Vỏ hộp Shelton cánh bướm đen 180 tờ | D14: cái | G14: =+G13+E14-F14 -> 6237
A15: =+A14+1 -> 6 | C15: Vỏ hộp Shelton cánh bướm đen 180 tờ | D15: cái | G15: =+G14+E15-F15 -> 6237
A16: =+A15+1 -> 7 | C16: Vỏ hộp Shelton cánh bướm đen 180 tờ | D16: cái | G16: =+G15+E16-F16 -> 6237
A17: =+A16+1 -> 8 | C17: Vỏ hộp Shelton cánh bướm đen 180 tờ | D17: cái | G17: =+G16+E17-F17 -> 6237
A18: =+A17+1 -> 9 | C18: Vỏ hộp Shelton cánh bướm đen 180 tờ | D18: cái | G18: =+G17+E18-F18 -> 6237
A19: =+A18+1 -> 10 | C19: Vỏ hộp Shelton cánh bướm đen 180 tờ | D19: cái | G19: =+G18+E19-F19 -> 6237
A20: =+A19+1 -> 11 | C20: Vỏ hộp Shelton cánh bướm đen 180 tờ | D20: cái | G20: =+G19+E20-F20 -> 6237
A21: =+A20+1 -> 12 | C21: Vỏ hộp Shelton cánh bướm đen 180 tờ | D21: cái | G21: =+G20+E21-F21 -> 6237
A22: =+A21+1 -> 13 | C22: Vỏ hộp Shelton cánh bướm đen 180 tờ | D22: cái | G22: =+G21+E22-F22 -> 6237
... A41: =+A40+1 -> 32 | C41: Vỏ hộp Shelton cánh bướm đen 180 tờ | D41: cái | G41: =+G40+E41-F41 -> 6237
C42: Tổng cộng | E42: =SUM(E10:E41) -> 0 | F42: =SUM(F10:F41) -> 0 | G42: =+E42-F42+G9 -> 6237

Sheet Hộp HV
A1: Công ty TNHH Giấy Đông Á
A2: Thôn Mộc Ty, xã Trưng Trắc, huyện Văn Lâm, tỉnh Hưng Yên
A4: =+'[1]Hộp CB'!A4:I5 -> THẺ KHO NGUYÊN VẬT LIỆU
J5: =5+10+5+2+10+10+3+7+8 -> 60
A7: STT | B7: Ngày tháng | C7: Tên nguyên vật liệu | D7: ĐVT | E7: Số lượng nhập | F7: Số lượng xuất | G7: Tồn | H7: Người nhận | I7: Ghi chú | J7: =600+60 -> 660
B8: 45658 | C8: Tồn đầu kỳ | G8: 5672
A9: 1 | B9: 45674 | C9: Vỏ hộp Shelton Hồng Vàng 180 tờ ( 90*120*220mm) | D9: Cái | F9: 100 | G9: =+G8+E9-F9 -> 5572 | H9: Nguyễn Thanh Tâm | I9: Sản xuất
A10: =+A9+1 -> 2 | B10: 45675 | C10: Vỏ hộp Shelton Hồng Vàng 180 tờ ( 90*120*220mm) | D10: Cái | F10: 350 | G10: =+G9+E10-F10 -> 5222 | H10: Nguyễn Thanh Tâm | I10: Sản xuất
A11: =+A10+1 -> 3 | B11: 45776 | C11: Vỏ hộp Shelton Hồng Vàng 180 tờ ( 90*120*220mm) | D11: Cái | F11: 1426 | G11: =+G10+E11-F11 -> 3796 | H11: Nguyễn Thanh Tâm | I11: Sản xuất
A12: =+A11+1 -> 4 | B12: 45869 | C12: Vỏ hộp Shelton Hồng Vàng 180 tờ ( 90*120*220mm) | D12: Cái | F12: 23 | G12: =+G11+E12-F12 -> 3773 | H12: Nguyễn Thanh Tâm | I12: Sản xuất | J12: Hỏng 1 hộp
A13: =+A12+1 -> 5 | B13: 45898 | C13: Vỏ hộp Shelton Hồng Vàng 180 tờ ( 90*120*220mm) | D13: Cái | F13: 420 | G13: =+G12+E13-F13 -> 3353
A14: =+A13+1 -> 6 | B14: 45899 | C14: Vỏ hộp Shelton Hồng Vàng 180 tờ ( 90*120*220mm) | D14: Cái | F14: 1380 | G14: =+G13+E14-F14 -> 1973 | H14: Nguyễn Thanh Tâm | I14: Sản xuất | K14: =9*400+202 -> 3802
A15: =+A14+1 -> 7 | B15: 45912 | C15: Vỏ hộp Shelton Hồng Vàng 180 tờ ( 90*120*220mm) | D15: Cái | F15: 10 | G15: =+G14+E15-F15 -> 1963 | H15: Nguyễn Thanh Tâm | I15: Sản xuất | J15: =360+585 -> 945
A16: =+A15+1 -> 8 | C16: Vỏ hộp Shelton Hồng Vàng 180 tờ ( 90*120*220mm) | D16: Cái | G16: =+G15+E16-F16 -> 1963 | H16: Nguyễn Thanh Tâm | I16: Sản xuất | J16: =360+585 -> 945
A17: =+A16+1 -> 9 | C17: Vỏ hộp Shelton Hồng Vàng 180 tờ ( 90*120*220mm) | D17: Cái | G17: =+G16+E17-F17 -> 1963 | H17: Nguyễn Thanh Tâm | I17: Sản xuất
A18: =+A17+1 -> 10 | C18: Vỏ hộp Shelton Hồng Vàng 180 tờ ( 90*120*220mm) | D18: Cái | G18: =+G17+E18-F18 -> 1963
A19: =+A18+1 -> 11 | C19: Vỏ hộp Shelton Hồng Vàng 180 tờ ( 90*120*220mm) | D19: Cái | G19: =+G18+E19-F19 -> 1963 | K19: =17*450+426 -> 8076
A20: =+A19+1 -> 12 | C20: Vỏ hộp Shelton Hồng Vàng 180 tờ ( 90*120*220mm) | D20: Cái | G20: =+G19+E20-F20 -> 1963
A21: =+A20+1 -> 13 | C21: Vỏ hộp Shelton Hồng Vàng 180 tờ ( 90*120*220mm) | D21: Cái | G21: =+G20+E21-F21 -> 1963
A22: =+A21+1 -> 14 | C22: Vỏ hộp Shelton Hồng Vàng 180 tờ ( 90*120*220mm) | D22: Cái | G22: =+G21+E22-F22 -> 1963
A23: =+A22+1 -> 15 | C23: Vỏ hộp Shelton Hồng Vàng 180 tờ ( 90*120*220mm) | D23: Cái | G23: =+G22+E23-F23 -> 1963
A24: =+A23+1 -> 16 | C24: Vỏ hộp Shelton Hồng Vàng 180 tờ ( 90*120*220mm) | D24: Cái | G24: =+G23+E24-F24 -> 1963
A25: =+A24+1 -> 17 | C25: Vỏ hộp Shelton Hồng Vàng 180 tờ ( 90*120*220mm) | D25: Cái | G25: =+G24+E25-F25 -> 1963
A26: =+A25+1 -> 18 | C26: Vỏ hộp Shelton Hồng Vàng 180 tờ ( 90*120*220mm) | D26: Cái | G26: =+G25+E26-F26 -> 1963
A27: =+A26+1 -> 19 | C27: Vỏ hộp Shelton Hồng Vàng 180 tờ ( 90*120*220mm) | D27: Cái | G27: =+G26+E27-F27 -> 1963
A28: =+A27+1 -> 20 | C28: Vỏ hộp Shelton Hồng Vàng 180 tờ ( 90*120*220mm) | D28: Cái | G28: =+G27+E28-F28 -> 1963
A29: =+A28+1 -> 21 | C29: Vỏ hộp Shelton Hồng Vàng 180 tờ ( 90*120*220mm) | D29: Cái | G29: =+G28+E29-F29 -> 1963
A30: =+A29+1 -> 22 | C30: Vỏ hộp Shelton Hồng Vàng 180 tờ ( 90*120*220mm) | D30: Cái | G30: =+G29+E30-F30 -> 1963
A31: =+A30+1 -> 23 | C31: Vỏ hộp Shelton Hồng Vàng 180 tờ ( 90*120*220mm) | D31: Cái | G31: =+G30+E31-F31 -> 1963
... A51: =+A50+1 -> 43 | C51: Vỏ hộp Shelton Hồng Vàng 180 tờ ( 90*120*220mm) | D51: Cái | G51: =+G50+E51-F51 -> 1963
A52: =+A51+1 -> 44 | G52: =+G51+E52-F52 -> 1963
A53: =+A52+1 -> 45 | G53: =+G52+E53-F53 -> 1963
A54: =+A53+1 -> 46 | G54: =+G53+E54-F54 -> 1963
A55: =+A54+1 -> 47 | G55: =+G54+E55-F55 -> 1963
A56: =+A55+1 -> 48 | G56: =+G55+E56-F56 -> 1963
A57: =+A56+1 -> 49 | G57: =+G56+E57-F57 -> 1963
A58: =+A57+1 -> 50 | G58: =+G57+E58-F58 -> 1963
A59: =+A58+1 -> 51 | G59: =+G58+E59-F59 -> 1963
A60: =+A59+1 -> 52 | G60: =+G59+E60-F60 -> 1963
C61: Tổng cộng | E61: =SUM(E9:E60) -> 0 | F61: =SUM(F9:F60) -> 3709 | G61: =+G8+E61-F61 -> 1963
F62: =18676-18566 -> 110
H66: =25*60+6+46 -> 1552
H67: =1545-1552 -> -7

Sheet Hộp hồng đỏ
A1: Công ty TNHH Giấy Đông Á
A2: Thôn Mộc Ty, xã Trưng Trắc, huyện Văn Lâm, tỉnh Hưng Yên
A4: =+'[1]Hộp CB'!A4:I5 -> THẺ KHO NGUYÊN VẬT LIỆU
J5: =5+10+5+2+10+10+3+7+8 -> 60
A7: STT | B7: Ngày tháng | C7: Tên nguyên vật liệu | D7: ĐVT | E7: Số lượng nhập | F7: Số lượng xuất | G7: Tồn | H7: Người nhận | I7: Ghi chú
B8: 45658 | C8: Tồn đầu kỳ | G8: 8676
A9: 1 | C9: Vỏ hộp Shelton Hồng Đỏ 180 tờ (90*120*220mm) | D9: Cái | G9: =+G8+E9-F9 -> 8676 | H9: Nguyễn thanh Tâm | I9: SX
A10: =+A9+1 -> 2 | C10: Vỏ hộp Shelton Hồng Đỏ 180 tờ (90*120*220mm) | D10: Cái | G10: =+G9+E10-F10 -> 8676 | H10: Nguyễn Thị Liên | I10: SX
A11: =+A10+1 -> 3 | C11: Vỏ hộp Shelton Hồng Đỏ 180 tờ (90*120*220mm) | G11: =+G10+E11-F11 -> 8676 | H11: Nguyễn thanh Tâm | I11: SX
A12: =+A11+1 -> 4 | C12: Vỏ hộp Shelton Hồng Đỏ 180 tờ (90*120*220mm) | G12: =+G11+E12-F12 -> 8676 | H12: Nguyễn thanh Tâm | I12: SX
A13: =+A12+1 -> 5 | C13: Vỏ hộp Shelton Hồng Đỏ 180 tờ (90*120*220mm) | G13: =+G12+E13-F13 -> 8676 | H13: Nguyễn thanh Tâm | I13: SX
A14: =+A13+1 -> 6 | C14: Vỏ hộp Shelton Hồng Đỏ 180 tờ (90*120*220mm) | G14: =+G13+E14-F14 -> 8676 | H14: Nguyễn thanh Tâm | I14: SX
A15: =+A14+1 -> 7 | C15: Vỏ hộp Shelton Hồng Đỏ 180 tờ (90*120*220mm) | G15: =+G14+E15-F15 -> 8676
A16: =+A15+1 -> 8 | C16: Vỏ hộp Shelton Hồng Đỏ 180 tờ (90*120*220mm) | G16: =+G15+E16-F16 -> 8676
A17: =+A16+1 -> 9 | C17: Vỏ hộp Shelton Hồng Đỏ 180 tờ (90*120*220mm) | G17: =+G16+E17-F17 -> 8676
A18: =+A17+1 -> 10 | C18: Vỏ hộp Shelton Hồng Đỏ 180 tờ (90*120*220mm) | G18: =+G17+E18-F18 -> 8676
A19: =+A18+1 -> 11 | C19: Vỏ hộp Shelton Hồng Đỏ 180 tờ (90*120*220mm) | G19: =+G18+E19-F19 -> 8676
A20: =+A19+1 -> 12 | C20: Vỏ hộp Shelton Hồng Đỏ 180 tờ (90*120*220mm) | G20: =+G19+E20-F20 -> 8676
A21: =+A20+1 -> 13 | C21: Vỏ hộp Shelton Hồng Đỏ 180 tờ (90*120*220mm) | G21: =+G20+E21-F21 -> 8676
A22: =+A21+1 -> 14 | C22: Vỏ hộp Shelton Hồng Đỏ 180 tờ (90*120*220mm) | G22: =+G21+E22-F22 -> 8676
A23: =+A22+1 -> 15 | C23: Vỏ hộp Shelton Hồng Đỏ 180 tờ (90*120*220mm) | G23: =+G22+E23-F23 -> 8676
A24: =+A23+1 -> 16 | G24: =+G23+E24-F24 -> 8676
A25: =+A24+1 -> 17 | G25: =+G24+E25-F25 -> 8676
A26: =+A25+1 -> 18 | G26: =+G25+E26-F26 -> 8676
A27: =+A26+1 -> 19 | G27: =+G26+E27-F27 -> 8676
A28: =+A27+1 -> 20 | G28: =+G27+E28-F28 -> 8676
A29: =+A28+1 -> 21 | G29: =+G28+E29-F29 -> 8676
A30: =+A29+1 -> 22 | G30: =+G29+E30-F30 -> 8676
A31: =+A30+1 -> 23 | G31: =+G30+E31-F31 -> 8676
A32: =+A31+1 -> 24 | G32: =+G31+E32-F32 -> 8676
A33: =+A32+1 -> 25 | G33: =+G32+E33-F33 -> 8676
A34: =+A33+1 -> 26 | G34: =+G33+E34-F34 -> 8676
A35: =+A34+1 -> 27 | G35: =+G34+E35-F35 -> 8676
... A41: =+A40+1 -> 33 | G41: =+G40+E41-F41 -> 8676
G42: =+G41+E42-F42 -> 8676
C43: Tổng cộng | E43: =SUM(E9:E42) -> 0 | F43: =SUM(F9:F42) -> 0 | G43: =+G8+E43-F43 -> 8676
F44: =18676-18566 -> 110
F54: =481-442 -> 39
G60: =442-360 -> 82

Sheet Hộp bướm bạc
A1: Công ty TNHH Giấy Đông Á
A2: Thôn Mộc Ty, xã Trưng Trắc, huyện Văn Lâm, tỉnh Hưng Yên
A4: THẺ KHO NGUYÊN VẬT LIỆU
A8: STT | B8: Ngày tháng | C8: Tên nguyên vật liệu | D8: ĐVT | E8: Số lượng nhập | F8: Số lượng xuất | G8: Tồn | H8: Người nhận | I8: Ghi chú
B9: 45658 | C9: Tồn đầu kỳ | G9: 762
A10: 1 | B10: 45674 | C10: Vỏ hộp Shelton Cánh bướm trắng 180 tờ (90*120*220mm) | D10: Hộp | F10: 100 | G10: =+G9+E10-F10 -> 662 | H10: Nguyễn Thanh Tâm | I10: SX
A11: =+A10+1 -> 2 | B11: 45675 | C11: Vỏ hộp Shelton Cánh bướm trắng 180 tờ (90*120*220mm) | D11: Hộp | F11: 320 | G11: =+G10+E11-F11 -> 342 | H11: Nguyễn Thanh Tâm | I11: SX
A12: =+A11+1 -> 3 | C12: Vỏ hộp Shelton Cánh bướm trắng 180 tờ (90*120*220mm) | D12: Hộp | G12: =+G11+E12-F12 -> 342 | H12: Nguyễn Thanh Tâm | I12: SX
A13: =+A12+1 -> 4 | C13: Vỏ hộp Shelton Cánh bướm trắng 180 tờ (90*120*220mm) | D13: Hộp | G13: =+G12+E13-F13 -> 342 | H13: Nguyễn Thanh Tâm | I13: SX
A14: =+A13+1 -> 5 | C14: Vỏ hộp Shelton Cánh bướm trắng 180 tờ (90*120*220mm) | D14: Hộp | G14: =+G13+E14-F14 -> 342 | H14: Nguyễn Thanh Tâm | I14: SX
A15: =+A14+1 -> 6 | C15: Vỏ hộp Shelton Cánh bướm trắng 180 tờ (90*120*220mm) | D15: Hộp | G15: =+G14+E15-F15 -> 342 | H15: Nguyễn Thanh Tâm | I15: SX | J15: Hỏng 5 hộp
A16: =+A15+1 -> 7 | G16: =+G15+E16-F16 -> 342
A17: =+A16+1 -> 8 | G17: =+G16+E17-F17 -> 342
A18: =+A17+1 -> 9 | G18: =+G17+E18-F18 -> 342
A19: =+A18+1 -> 10 | G19: =+G18+E19-F19 -> 342
A20: =+A19+1 -> 11 | G20: =+G19+E20-F20 -> 342
A21: =+A20+1 -> 12 | G21: =+G20+E21-F21 -> 342
A22: =+A21+1 -> 13 | G22: =+G21+E22-F22 -> 342
A23: =+A22+1 -> 14 | G23: =+G22+E23-F23 -> 342
A24: =+A23+1 -> 15 | G24: =+G23+E24-F24 -> 342
A25: =+A24+1 -> 16 | G25: =+G24+E25-F25 -> 342
A26: =+A25+1 -> 17 | G26: =+G25+E26-F26 -> 342
A27: =+A26+1 -> 18 | G27: =+G26+E27-F27 -> 342
... A36: =+A35+1 -> 27 | G36: =+G35+E36-F36 -> 342
G37: =+G36+E37-F37 -> 342
G38: =+G37+E38-F38 -> 342
G39: =+G38+E39-F39 -> 342
G40: =+G39+E40-F40 -> 342
G41: =+G40+E41-F41 -> 342
A42: =+A36+1 -> 28 | G42: =+G41+E42-F42 -> 342
A43: =+A42+1 -> 29 | G43: =+G42+E43-F43 -> 342
A44: =+A43+1 -> 30 | G44: =+G43+E44-F44 -> 342
A45: =+A44+1 -> 31 | G45: =+G44+E45-F45 -> 342
A46: =+A45+1 -> 32 | G46: =+G45+E46-F46 -> 342
C47: Tổng cộng | E47: =SUM(E10:E46) -> 0 | F47: =SUM(F10:F46) -> 420 | G47: =+E47-F47+G9 -> 342

Sheet Hộp NX
A1: Công ty TNHH Giấy Đông Á
A2: Thôn Mộc Ty, xã Trưng Trắc, huyện Văn Lâm, tỉnh Hưng Yên
A4: =+'[1]Hộp HV'!A4:I5 -> THẺ KHO NGUYÊN VẬT LIỆU
A7: STT | B7: Ngày tháng | C7: Tên nguyên vật liệu | D7: ĐVT | E7: Số lượng nhập | F7: Số lượng xuất | G7: Tồn | H7: Người nhận | I7: Ghi chú
B8: 45658 | C8: Tồn đầu kỳ | G8: 1364
A9: 1 | B9: 45674 | C9: Vỏ hộp Shelton hoa nhí Xanh 180 tờ (90*120*220mm) | D9: Hộp | F9: 100 | G9: =+G8+E9-F9 -> 1264 | H9: Nguyễn Thanh Tâm | I9: Sản xuất
A10: =+A9+1 -> 2 | B10: 45675 | C10: Vỏ hộp Shelton hoa nhí Xanh 90*120*220mm | D10: Hộp | F10: 920 | G10: =+G9+E10-F10 -> 344 | H10: Nguyễn Thanh Tâm | I10: Sản xuất
A11: =+A10+1 -> 3 | B11: 45804 | C11: Vỏ hộp Shelton hoa nhí Xanh 90*120*220mm | F11: 360 | G11: =+G10+E11-F11 -> -16 | H11: Nguyễn Thanh Tâm | I11: Sản xuất
A12: =+A11+1 -> 4 | B12: 45853 | C12: Vỏ hộp Shelton hoa nhí Xanh 90*120*220mm | E12: 10130 | G12: =+G11+E12-F12 -> 10114 | H12: Nguyễn Thanh Tâm | I12: Sản xuất
A13: =+A12+1 -> 5 | B13: 45867 | C13: Vỏ hộp Shelton hoa nhí Xanh 90*120*220mm | F13: 240 | G13: =+G12+E13-F13 -> 9874
A14: =+A13+1 -> 6 | B14: 45868 | C14: Vỏ hộp Shelton hoa nhí Xanh 90*120*220mm | F14: 1380 | G14: =+G13+E14-F14 -> 8494
A15: =+A14+1 -> 7 | B15: 45869 | C15: Vỏ hộp Shelton hoa nhí Xanh 90*120*220mm | F15: 1380 | G15: =+G14+E15-F15 -> 7114
A16: =+A15+1 -> 8 | B16: 45839 | C16: Vỏ hộp Shelton hoa nhí Xanh 90*120*220mm | F16: 384 | G16: =+G15+E16-F16 -> 6730
A17: =+A16+1 -> 9 | C17: Vỏ hộp Shelton hoa nhí Xanh 90*120*220mm | G17: =+G16+E17-F17 -> 6730
A18: =+A17+1 -> 10 | C18: Vỏ hộp Shelton hoa nhí Xanh 90*120*220mm | G18: =+G17+E18-F18 -> 6730
A19: =+A18+1 -> 11 | G19: =+G18+E19-F19 -> 6730
A20: =+A19+1 -> 12 | G20: =+G19+E20-F20 -> 6730
A21: =+A20+1 -> 13 | G21: =+G20+E21-F21 -> 6730
A22: =+A21+1 -> 14 | G22: =+G21+E22-F22 -> 6730
A23: =+A22+1 -> 15 | G23: =+G22+E23-F23 -> 6730
A24: =+A23+1 -> 16 | G24: =+G23+E24-F24 -> 6730
A25: =+A24+1 -> 17 | G25: =+G24+E25-F25 -> 6730
A26: =+A25+1 -> 18 | G26: =+G25+E26-F26 -> 6730
A27: =+A26+1 -> 19 | G27: =+G26+E27-F27 -> 6730
A28: =+A27+1 -> 20 | G28: =+G27+E28-F28 -> 6730
A29: =+A28+1 -> 21 | G29: =+G28+E29-F29 -> 6730
A30: =+A29+1 -> 22 | G30: =+G29+E30-F30 -> 6730
... A57: =+A56+1 -> 49 | G57: =+G56+E57-F57 -> 6730
C58: Tổng cộng | E58: =SUM(E9:E57) -> 10130 | F58: =SUM(F9:F57) -> 4764 | G58: =+E58-F58+G8 -> 6730

Sheet Hộp oto
A1: Công ty TNHH Giấy Đông Á
A2: Thôn Mộc Ty, xã Trưng Trắc, huyện Văn Lâm, tỉnh Hưng Yên
A4: =+'[1]Hộp CB nền bạc'!A4:I5 -> THẺ KHO NGUYÊN VẬT LIỆU
A7: STT | B7: Ngày tháng | C7: Tên nguyên vật liệu | D7: ĐVT | E7: Số lượng nhập | F7: Số lượng xuất | G7: Tồn | H7: Người nhận | I7: Ghi chú
B8: 45658 | C8: Tồn đầu kỳ | G8: 649
A9: 1 | C9: vỏ hộp Shelton oto đen 180 tờ | D9: hộp | G9: =+G8+E9-F9 -> 649
A10: =+A9+1 -> 2 | G10: =+G9+E10-F10 -> 649
A11: =+A10+1 -> 3 | G11: =+G10+E11-F11 -> 649
A12: =+A11+1 -> 4 | G12: =+G11+E12-F12 -> 649
A13: =+A12+1 -> 5 | G13: =+G12+E13-F13 -> 649
A14: =+A13+1 -> 6 | G14: =+G13+E14-F14 -> 649
A15: =+A14+1 -> 7 | G15: =+G14+E15-F15 -> 649
A16: =+A15+1 -> 8 | G16: =+G15+E16-F16 -> 649
A17: =+A16+1 -> 9 | G17: =+G16+E17-F17 -> 649
A18: =+A17+1 -> 10 | G18: =+G17+E18-F18 -> 649
A19: =+A18+1 -> 11 | G19: =+G18+E19-F19 -> 649
G20: =+G19+E20-F20 -> 649
A21: 1 | G21: =+G20+E21-F21 -> 649
A22: =+A21+1 -> 2 | G22: =+G21+E22-F22 -> 649
A23: =+A22+1 -> 3 | G23: =+G22+E23-F23 -> 649
A24: =+A23+1 -> 4 | G24: =+G23+E24-F24 -> 649
A25: =+A24+1 -> 5 | G25: =+G24+E25-F25 -> 649
A26: =+A25+1 -> 6 | G26: =+G25+E26-F26 -> 649
A27: =+A26+1 -> 7 | G27: =+G26+E27-F27 -> 649
A28: =+A27+1 -> 8 | G28: =+G27+E28-F28 -> 649
A29: =+A28+1 -> 9 | G29: =+G28+E29-F29 -> 649
A30: =+A29+1 -> 10 | G30: =+G29+E30-F30 -> 649
C31: Tổng cộng | E31: =SUM(E20:E30) -> 0 | F31: =SUM(F9:F30) -> 0 | G31: =+E31-F31+G8 -> 649

Sheet Bao Trắng 180
A1: Cty TNHH Đông Á
A2: Thôn Mộc Ty, xã Trưng Trắc, huyện Văn Lâm, tỉnh Hưng Yên
A4: =+'[1]Hộp oto'!A4:I5 -> THẺ KHO NGUYÊN VẬT LIỆU
A7: STT | B7: Ngày tháng | C7: Tên nguyên vật liệu | D7: ĐVT | E7: Số lượng nhập | F7: Số lượng xuất | G7: Tồn | H7: Người nhận | I7: Ghi chú
B8: 45658 | C8: Tồn đầu kỳ | D8: kg | G8: 375
B9: 45668 | C9: Túi Nilong trắng đựng hộp 180 | D9: kg | F9: 0.7 | G9: =+G8+E9-F9 -> 374.3 | H9: Nguyễn Thị ,Tâm | I9: SX | J9: Nhập lại kho cho khớp vưới kk ngày 28/02/2019
B10: 45674 | C10: Túi Nilong trắng đựng hộp 180 | D10: kg | F10: 1.4 | G10: =+G9+E10-F10 -> 372.9 | H10: Nguyễn Thị ,Tâm | I10: SX
B11: 45675 | C11: Túi Nilong trắng đựng hộp 180 | D11: kg | F11: 6.7 | G11: =+G10+E11-F11 -> 366.2 | H11: Nguyễn Thị ,Tâm | I11: SX
B12: 45743 | C12: Túi Nilong trắng đựng hộp 180 | D12: kg | F12: 1.2 | G12: =+G11+E12-F12 -> 365 | H12: Liên | I12: SX.sp 3 lớp 115*175
B13: 45769 | C13: Túi Nilong trắng đựng hộp 180 | D13: kg | F13: 1.8 | G13: =+G12+E13-F13 -> 363.2 | H13: Nguyễn Thị ,Tâm | I13: SX
B14: 45770 | C14: Túi Nilong trắng đựng hộp 180 | D14: kg | F14: 1.9 | G14: =+G13+E14-F14 -> 361.3 | H14: Nguyễn Thị ,Tâm | I14: SX
B15: 45771 | C15: Túi Nilong trắng đựng hộp 180 | D15: kg | F15: 2 | G15: =+G14+E15-F15 -> 359.3 | H15: Nguyễn Thị Liên | I15: SX
B16: 45772 | C16: Túi Nilong trắng đựng hộp 180 | D16: kg | F16: 0.6 | G16: =+G15+E16-F16 -> 358.7 | H16: Nguyễn Thị Liên | I16: SX
B17: 45774 | C17: Túi Nilong trắng đựng hộp 180 | D17: kg | F17: 1.8 | G17: =+G16+E17-F17 -> 356.9 | H17: Nguyễn Thị ,Tâm | I17: Đựng phế
B18: 45775 | C18: Túi Nilong trắng đựng hộp 180 | D18: kg | F18: 1.7 | G18: =+G17+E18-F18 -> 355.2 | H18: Nguyễn Thị ,Tâm | I18: SX | O18: =2*16+10 -> 42
B19: 45776 | C19: Túi Nilong trắng đựng hộp 180 | D19: kg | F19: 9.7 | G19: =+G18+E19-F19 -> 345.5 | H19: Nguyễn Thị ,Tâm | I19: SX
B20: 45782 | C20: Túi Nilong trắng đựng hộp 180 | D20: kg | F20: 1.9 | G20: =+G19+E20-F20 -> 343.6
B21: 45783 | C21: Túi Nilong trắng đựng hộp 180 | D21: kg | F21: 1 | G21: =+G20+E21-F21 -> 342.6 | H21: Nguyễn Thị ,Tâm | I21: SX
B22: 45784 | C22: Túi Nilong trắng đựng hộp 180 | D22: kg | F22: 1.5 | G22: =+G21+E22-F22 -> 341.1 | H22: Nguyễn Thị ,Tâm | I22: SX
B23: 45785 | C23: Túi Nilong trắng đựng hộp 180 | D23: kg | F23: 3.9 | G23: =+G22+E23-F23 -> 337.2 | H23: Nguyễn Thị ,Tâm | I23: SX
B24: 45789 | C24: Túi Nilong trắng đựng hộp 180 | D24: kg | F24: 2.5 | G24: =+G23+E24-F24 -> 334.7 | H24: Nguyễn Thị ,Tâm | I24: SX
B25: 45790 | C25: Túi Nilong trắng đựng hộp 180 | F25: 1.2 | G25: =+G24+E25-F25 -> 333.5 | H25: Nguyễn Thị ,Tâm | I25: SX
B26: 45804 | C26: Túi Nilong trắng đựng hộp 180 | D26: kg | F26: 1.4 | G26: =+G25+E26-F26 -> 332.1 | H26: Nguyễn Thị ,Tâm | I26: SX
B27: 45817 | C27: Túi Nilong trắng đựng hộp 180 | D27: kg | F27: 1.7 | G27: =+G26+E27-F27 -> 330.4 | H27: Nguyến thị Liên | I27: SX
B28: 45818 | C28: Túi Nilong trắng đựng hộp 180 | D28: kg | F28: 1.5 | G28: =+G27+E28-F28 -> 328.9 | H28: Nguyễn Thị ,Tâm | I28: SX
B29: 45820 | C29: Túi Nilong trắng đựng hộp 180 | D29: kg | F29: 2.2 | G29: =+G28+E29-F29 -> 326.7 | H29: Nguyễn Thị ,Tâm | I29: SX
B30: 45821 | C30: Túi Nilong trắng đựng hộp 180 | D30: kg | F30: 3.8 | G30: =+G29+E30-F30 -> 322.9 | H30: Nguyễn Thị ,Tâm | I30: SX
B31: 45822 | C31: Túi Nilong trắng đựng hộp 180 | D31: kg | F31: 4 | G31: =+G30+E31-F31 -> 318.9 | H31: Nguyễn Thị ,Tâm | I31: SX
B32: 45824 | C32: Túi Nilong trắng đựng hộp 180 | D32: kg | F32: 3.2 | G32: =+G31+E32-F32 -> 315.7 | H32: Nguyễn Thị ,Tâm | I32: SX
B33: 45825 | C33: Túi Nilong trắng đựng hộp 180 | D33: kg | F33: 3.8 | G33: =+G32+E33-F33 -> 311.9 | H33: Nguyễn Thị ,Tâm | I33: SX
B34: 45829 | C34: Túi Nilong trắng đựng hộp 180 | D34: kg | F34: 0.5 | G34: =+G33+E34-F34 -> 311.4 | H34: Nguyễn Thị ,Tâm | I34: SX
B35: 45836 | C35: Túi Nilong trắng đựng hộp 180 | D35: kg | F35: 2.3 | G35: =+G34+E35-F35 -> 309.1 | H35: Nguyễn Thị ,Tâm | I35: SX
B36: 45838 | C36: Túi Nilong trắng đựng hộp 180 | D36: kg | F36: 3.5 | G36: =+G35+E36-F36 -> 305.6 | H36: Nguyễn Thị ,Tâm | I36: SX
B37: 45842 | C37: Túi Nilong trắng đựng hộp 180 | D37: kg | F37: 2.3 | G37: =+G36+E37-F37 -> 303.3 | H37: Nguyễn Thị ,Tâm | I37: SX
... B74: 45929 | C74: Túi Nilong trắng đựng hộp 180 | D74: kg | F74: 2.6 | G74: =+G73+E74-F74 -> 193.4 | H74: Nguyễn Thị ,Tâm | I74: SX
C75: Túi Nilong trắng đựng hộp 180 | D75: kg | G75: =+G74+E75-F75 -> 193.4 | H75: Nguyễn Thị ,Tâm | I75: SX
C76: Túi Nilong trắng đựng hộp 180 | D76: kg | G76: =+G75+E76-F76 -> 193.4 | H76: Nguyễn Thị ,Tâm | I76: SX
C77: Túi Nilong trắng đựng hộp 180 | D77: kg | G77: =+G76+E77-F77 -> 193.4
C78: Túi Nilong trắng đựng hộp 180 | D78: kg | G78: =+G77+E78-F78 -> 193.4
C79: Túi Nilong trắng đựng hộp 180 | D79: kg | G79: =+G78+E79-F79 -> 193.4
C80: Túi Nilong trắng đựng hộp 180 | D80: kg | G80: =+G79+E80-F80 -> 193.4
C81: Túi Nilong trắng đựng hộp 180 | D81: kg | G81: =+G80+E81-F81 -> 193.4
C82: Túi Nilong trắng đựng hộp 180 | D82: kg | G82: =+G81+E82-F82 -> 193.4
C83: Túi Nilong trắng đựng hộp 180 | D83: kg | G83: =+G82+E83-F83 -> 193.4
C84: Túi Nilong trắng đựng hộp 180 | D84: kg | G84: =+G83+E84-F84 -> 193.4
C85: Túi Nilong trắng đựng hộp 180 | D85: kg | G85: =+G84+E85-F85 -> 193.4
C86: Túi Nilong trắng đựng hộp 180 | D86: kg | G86: =+G85+E86-F86 -> 193.4
C87: Túi Nilong trắng đựng hộp 180 | D87: kg | G87: =+G86+E87-F87 -> 193.4
C88: Túi Nilong trắng đựng hộp 180 | D88: kg | G88: =+G87+E88-F88 -> 193.4
... C139: Túi Nilong trắng đựng hộp 180 | D139: kg | G139: =+G138+E139-F139 -> 193.4
D140: kg | G140: =+G139+E140-F140 -> 193.4
D141: kg | G141: =+G140+E141-F141 -> 193.4
D142: kg | G142: =+G141+E142-F142 -> 193.4
D143: kg | G143: =+G142+E143-F143 -> 193.4
D144: kg | G144: =+G143+E144-F144 -> 193.4
D145: kg | G145: =+G144+E145-F145 -> 193.4
D146: kg | G146: =+G145+E146-F146 -> 193.4
D147: kg | G147: =+G146+E147-F147 -> 193.4
D148: kg | G148: =+G147+E148-F148 -> 193.4
D149: kg | G149: =+G148+E149-F149 -> 193.4
D150: kg | G150: =+G149+E150-F150 -> 193.4
D151: kg | G151: =+G150+E151-F151 -> 193.4
... D154: kg | G154: =+G153+E154-F154 -> 193.4
C155: Tổng cộng | E155: =SUM(E9:E154) -> 0 | F155: =SUM(F9:F154) -> 181.6 | G155: =E155-F155+G8 -> 193.4

Sheet Bao vô cây CN 
A1: Cty TNHH Đông Á
A2: Thôn Mộc Ty, xã Trưng Trắc, huyện Văn Lâm, tỉnh Hưng Yên
A4: =+'[1]Hộp oto'!A4:I5 -> THẺ KHO NGUYÊN VẬT LIỆU
A7: STT | B7: Ngày tháng | C7: Tên nguyên vật liệu | D7: ĐVT | E7: Số lượng nhập | F7: Số lượng xuất | G7: Tồn | H7: Người nhận | I7: Ghi chú
B8: 45658 | C8: Tồn đầu kỳ | D8: kg | G8: 552
B9: 45670 | C9: Bao vô cây cuộn CN 47*95 | D9: kg | F9: 1.6 | G9: =+G8+E9-F9 -> 550.4 | H9: Nguyễn Thị Liên | I9: SX
B10: 45671 | C10: Bao vô cây cuộn CN 47*95 | D10: kg | F10: 4.5 | G10: =+G9+E10-F10 -> 545.9 | H10: Nguyễn Thị Liên | I10: SX
B11: 45672 | C11: Bao vô cây cuộn CN 47*95 | D11: kg | F11: 3.3 | G11: =+G10+E11-F11 -> 542.6 | H11: Nguyễn Thị Liên | I11: SX
B12: 45673 | C12: Bao vô cây cuộn CN 47*95 | D12: kg | F12: 6.2 | G12: =+G11+E12-F12 -> 536.4 | H12: Nguyễn Thị Liên | I12: SX
B13: 45674 | C13: Bao vô cây cuộn CN 47*95 | D13: kg | F13: 1.8 | G13: =+G12+E13-F13 -> 534.6 | H13: Nguyễn Thị Liên | I13: SX
B14: 45681 | C14: Bao vô cây cuộn CN 47*95 | D14: kg | F14: 1 | G14: =+G13+E14-F14 -> 533.6 | H14: Nguyễn Thị Liên | I14: SX
B15: 45690 | C15: Bao vô cây cuộn CN 47*95 | D15: kg | F15: 0.8 | G15: =+G14+E15-F15 -> 532.8 | H15: Nguyễn Thị Liên | I15: SX
B16: 45691 | C16: Bao vô cây cuộn CN 47*95 | D16: kg | F16: 3.6 | G16: =+G15+E16-F16 -> 529.2 | H16: Nguyễn Thị Liên | I16: SX
B17: 45692 | C17: Bao vô cây cuộn CN 47*95 | D17: kg | F17: 5.5 | G17: =+G16+E17-F17 -> 523.7 | H17: Nguyễn Thị Liên | I17: SX
B18: 45706 | C18: Bao vô cây cuộn CN 47*95 | D18: kg | F18: 6.7 | G18: =+G17+E18-F18 -> 517 | H18: Nguyễn Thị Liên | I18: Bao Bì minh Sơn
B19: 45707 | C19: Bao vô cây cuộn CN 47*95 | D19: kg | F19: 6.4 | G19: =+G18+E19-F19 -> 510.6 | H19: Nguyễn Thị Liên | I19: SX
B20: 45708 | C20: Bao vô cây cuộn CN 47*95 | D20: kg | F20: 5.2 | G20: =+G19+E20-F20 -> 505.4 | H20: Nguyễn Thị Liên | I20: SX
... B43: 45845 | C43: Bao vô cây cuộn CN 47*95 | D43: kg | F43: 9.5 | G43: =+G42+E43-F43 -> 365.3 | H43: Nguyễn Thị ,Tâm | I43: SX
B44: 45846 | C44: Bao vô cây cuộn CN 47*95 | D44: kg | F44: 9.7 | G44: =+G43+E44-F44 -> 355.6 | H44: Nguyễn Thị ,Tâm | I44: SX | P44: =32*88 -> 2816
B45: 45857 | C45: Bao vô cây cuộn CN 47*95 | D45: kg | F45: 5.4 | G45: =+G44+E45-F45 -> 350.2 | H45: Nguyễn Thị ,Tâm | I45: SX
B46: 45859 | C46: Bao vô cây cuộn CN 47*95 | D46: kg | F46: 4.1 | G46: =+G45+E46-F46 -> 346.1 | H46: Nguyễn Thị ,Tâm | I46: SX
B47: 45860 | C47: Bao vô cây cuộn CN 47*95 | D47: kg | F47: 13.5 | G47: =+G46+E47-F47 -> 332.6 | H47: Nguyễn Thị ,Tâm | I47: SX
B48: 45868 | C48: Bao vô cây cuộn CN 47*95 | D48: kg | F48: 13.8 | G48: =+G47+E48-F48 -> 318.8 | H48: Nguyễn Thị ,Tâm | I48: SX
B49: 45878 | C49: Bao vô cây cuộn CN 47*95 | D49: kg | F49: 5 | G49: =+G48+E49-F49 -> 313.8 | H49: Nguyễn Thị ,Tâm | I49: SX
B50: 45880 | C50: Bao vô cây cuộn CN 47*95 | D50: kg | F50: 6.3 | G50: =+G49+E50-F50 -> 307.5 | H50: Nguyễn Thị ,Tâm | I50: SX
B51: 45881 | C51: Bao vô cây cuộn CN 47*95 | D51: kg | F51: 9.8 | G51: =+G50+E51-F51 -> 297.7 | H51: Nguyễn Thị ,Tâm | I51: SX
B52: 45882 | C52: Bao vô cây cuộn CN 47*95 | D52: kg | F52: 9.1 | G52: =+G51+E52-F52 -> 288.6 | H52: Nguyễn Thị ,Tâm | I52: SX
B53: 45890 | C53: Bao vô cây cuộn CN 47*95 | D53: kg | F53: 10 | G53: =+G52+E53-F53 -> 278.6 | H53: Nguyễn Thị ,Tâm | I53: SX
B54: 45891 | C54: Bao vô cây cuộn CN 47*95 | D54: kg | F54: 6 | G54: =+G53+E54-F54 -> 272.6 | H54: Nguyễn Thị ,Tâm | I54: SX
B55: 45892 | C55: Bao vô cây cuộn CN 47*95 | D55: kg | F55: 3 | G55: =+G54+E55-F55 -> 269.6 | H55: Nguyễn Thị ,Tâm | I55: SX
B56: 45894 | C56: Bao vô cây cuộn CN 47*95 | D56: kg | F56: 9.4 | G56: =+G55+E56-F56 -> 260.2 | H56: Nguyễn Thị ,Tâm | I56: SX
... B63: 45911 | C63: Bao vô cây cuộn CN 47*95 | D63: kg | F63: 8.7 | G63: =+G62+E63-F63 -> 194.5 | H63: Nguyễn Thị ,Tâm | I63: SX
B64: 45915 | C64: Bao vô cây cuộn CN 47*95 | D64: kg | E64: 176.3 | G64: =+G63+E64-F64 -> 370.8 | H64: Nguyễn Thị ,Tâm | I64: SX
C65: Bao vô cây cuộn CN 47*95 | D65: kg | G65: =+G64+E65-F65 -> 370.8 | H65: Nguyễn Thị ,Tâm | I65: SX
C66: Bao vô cây cuộn CN 47*95 | D66: kg | G66: =+G65+E66-F66 -> 370.8 | H66: Nguyễn Thị ,Tâm | I66: SX
C67: Bao vô cây cuộn CN 47*95 | D67: kg | G67: =+G66+E67-F67 -> 370.8 | H67: Nguyễn Thị ,Tâm | I67: SX
C68: Bao vô cây cuộn CN 47*95 | D68: kg | G68: =+G67+E68-F68 -> 370.8 | H68: Nguyễn Thị ,Tâm | I68: SX
C69: Bao vô cây cuộn CN 47*95 | D69: kg | G69: =+G68+E69-F69 -> 370.8 | H69: Nguyễn Thị ,Tâm | I69: SX
C70: Bao vô cây cuộn CN 47*95 | D70: kg | G70: =+G69+E70-F70 -> 370.8 | H70: Nguyễn Thị ,Tâm | I70: SX
C71: Bao vô cây cuộn CN 47*95 | D71: kg | G71: =+G70+E71-F71 -> 370.8 | H71: Nguyễn Thị ,Tâm | I71: SX
C72: Bao vô cây cuộn CN 47*95 | D72: kg | G72: =+G71+E72-F72 -> 370.8 | H72: Nguyễn Thị ,Tâm | I72: SX
C73: Bao vô cây cuộn CN 47*95 | D73: kg | G73: =+G72+E73-F73 -> 370.8 | H73: Nguyễn Thị ,Tâm | I73: SX
C74: Bao vô cây cuộn CN 47*95 | D74: kg | G74: =+G73+E74-F74 -> 370.8 | H74: Nguyễn Thị ,Tâm | I74: SX
C75: Bao vô cây cuộn CN 47*95 | D75: kg | G75: =+G74+E75-F75 -> 370.8
C76: Bao vô cây cuộn CN 47*95 | D76: kg | G76: =+G75+E76-F76 -> 370.8
C77: Bao vô cây cuộn CN 47*95 | D77: kg | G77: =+G76+E77-F77 -> 370.8
C78: Bao vô cây cuộn CN 47*95 | D78: kg | G78: =+G77+E78-F78 -> 370.8
C79: Bao vô cây cuộn CN 47*95 | D79: kg | G79: =+G78+E79-F79 -> 370.8
C80: Bao vô cây cuộn CN 47*95 | D80: kg | G80: =+G79+E80-F80 -> 370.8
C81: Bao vô cây cuộn CN 47*95 | D81: kg | G81: =+G80+E81-F81 -> 370.8
C82: Bao vô cây cuộn CN 47*95 | D82: kg | G82: =+G81+E82-F82 -> 370.8
C83: Bao vô cây cuộn CN 47*95 | D83: kg | G83: =+G82+E83-F83 -> 370.8
C84: Bao vô cây cuộn CN 47*95 | D84: kg | G84: =+G83+E84-F84 -> 370.8
C85: Bao vô cây cuộn CN 47*95 | D85: kg | G85: =+G84+E85-F85 -> 370.8
C86: Bao vô cây cuộn CN 47*95 | D86: kg | G86: =+G85+E86-F86 -> 370.8
... C149: Bao vô cây cuộn CN 47*95 | D149: kg | G149: =+G148+E149-F149 -> 370.8
D150: kg | G150: =+G149+E150-F150 -> 370.8
D151: kg | G151: =+G150+E151-F151 -> 370.8
D152: kg | G152: =+G151+E152-F152 -> 370.8
C153: Tổng cộng | E153: =SUM(E9:E152) -> 176.3 | F153: =SUM(F9:F152) -> 357.5 | G153: =E153-F153+G8 -> 370.8

Sheet Bao vô cây CN  10 cuộn
A1: Cty TNHH Đông Á
A2: Thôn Mộc Ty, xã Trưng Trắc, huyện Văn Lâm, tỉnh Hưng Yên
A4: =+'[1]Hộp oto'!A4:I5 -> THẺ KHO NGUYÊN VẬT LIỆU
A7: STT | B7: Ngày tháng | C7: Tên nguyên vật liệu | D7: ĐVT | E7: Số lượng nhập | F7: Số lượng xuất | G7: Tồn | H7: Người nhận | I7: Ghi chú
B8: 45658 | C8: Tồn đầu kỳ | D8: kg | G8: 119
B9: 45700 | C9: Bao vô cây cuộn CN 55,8*72 | D9: kg | F9: 4.5 | G9: =+G8+E9-F9 -> 114.5 | H9: Nguyễn Thị Liên | I9: SX
B10: 45701 | C10: Bao vô cây cuộn CN 47*95 | D10: kg | F10: 12.1 | G10: =+G9+E10-F10 -> 102.4 | H10: Nguyễn Thị Liên | I10: SX
B11: 45741 | C11: Bao vô cây cuộn CN 47*95 | D11: kg | F11: 6.5 | G11: =+G10+E11-F11 -> 95.9 | H11: Nguyễn Thị Liên | I11: SX
B12: 45742 | C12: Bao vô cây cuộn CN 47*95 | D12: kg | F12: 10.7 | G12: =+G11+E12-F12 -> 85.2 | H12: Nguyễn Thị Liên | I12: SX
B13: 45791 | C13: Bao vô cây cuộn CN 47*95 | D13: kg | F13: 12 | G13: =+G12+E13-F13 -> 73.2 | H13: Nguyễn Thị Liên | I13: SX
B14: 45800 | C14: Bao vô cây cuộn CN 47*95 | D14: kg | F14: 6 | G14: =+G13+E14-F14 -> 67.2 | H14: Nguyễn Thị Liên | I14: Đóng lại hàng jp
B15: 45809 | C15: Bao vô cây cuộn CN 47*95 | D15: kg | F15: 0.5 | G15: =+G14+E15-F15 -> 66.7 | H15: Nguyễn Thị Liên | I15: Xuât cho my đóng hàng đi giao
B16: 45812 | C16: Bao vô cây cuộn CN 47*95 | D16: kg | F16: 19 | G16: =+G15+E16-F16 -> 47.7 | H16: Nguyễn Thị Liên | I16: SX
B17: 45824 | C17: Bao vô cây cuộn CN 47*95 | D17: kg | F17: 20 | G17: =+G16+E17-F17 -> 27.7 | H17: Nguyễn Thị Liên | I17: SX
B18: 45834 | C18: Bao vô cây cuộn CN 47*95 | D18: kg | F18: 6.5 | G18: =+G17+E18-F18 -> 21.2 | H18: Nguyễn Thị Liên | I18: Bao Bì minh Sơn
B19: 45835 | C19: Bao vô cây cuộn CN 47*95 | D19: kg | F19: 9 | G19: =+G18+E19-F19 -> 12.2 | H19: Nguyễn Thị Liên | I19: SX
B20: 45839 | C20: Bao vô cây cuộn CN 47*95 | D20: kg | F20: 8.4 | G20: =+G19+E20-F20 -> 3.8 | H20: Nguyễn Thị Liên | I20: SX
B21: 45849 | C21: Bao vô cây cuộn CN 47*95 | D21: kg | E21: 219 | G21: =+G20+E21-F21 -> 222.8 | H21: Nguyễn Thị Liên | I21: SX
B22: 45850 | C22: Bao vô cây cuộn CN 47*95 | D22: kg | F22: 11 | G22: =+G21+E22-F22 -> 211.8 | H22: Nguyễn Thị Liên | I22: SX
B23: 45869 | C23: Bao vô cây cuộn CN 47*95 | D23: kg | F23: 12.8 | G23: =+G22+E23-F23 -> 199 | H23: Nguyễn Thị Liên | I23: SX
B24: 45870 | C24: Bao vô cây cuộn CN 47*95 | D24: kg | F24: 17.2 | G24: =+G23+E24-F24 -> 181.8 | H24: Nguyễn Thị Liên | I24: Đóng lại hàng linh an
B25: 45875 | C25: Bao vô cây cuộn CN 47*95 | D25: kg | F25: 5.5 | G25: =+G24+E25-F25 -> 176.3 | H25: Nguyễn Thị Liên | I25: SX
B26: 45915 | C26: Bao vô cây cuộn CN 47*95 | D26: kg | F26: 176.3 | G26: =+G25+E26-F26 -> 0 | H26: Nguyễn Thị Liên | I26: Chuyển sang bao 20 cn
B27: 45916 | C27: Bao vô cây cuộn CN 47*95 | D27: kg | E27: 50 | G27: =+G26+E27-F27 -> 50 | H27: Nguyễn Thị Liên | I27: SX
B28: 45917 | C28: Bao vô cây cuộn CN 47*95 | D28: kg | F28: 10.8 | G28: =+G27+E28-F28 -> 39.2 | H28: Nguyễn Thị Liên | I28: SX
B29: 45918 | C29: Bao vô cây cuộn CN 47*95 | D29: kg | F29: 3.7 | G29: =+G28+E29-F29 -> 35.5 | H29: Nguyễn Thị Liên | I29: SX
B30: 45924 | C30: Bao vô cây cuộn CN 47*95 | D30: kg | F30: 8.8 | G30: =+G29+E30-F30 -> 26.7 | H30: Nguyễn Thị Liên | I30: SX
B31: 45925 | C31: Bao vô cây cuộn CN 47*95 | D31: kg | F31: 7.8 | G31: =+G30+E31-F31 -> 18.9 | H31: Nguyễn Thị Liên | I31: SX
B32: 45926 | C32: Bao vô cây cuộn CN 47*95 | D32: kg | F32: 7.7 | G32: =+G31+E32-F32 -> 11.2 | H32: Nguyễn Thị Liên | I32: SX
B33: 45927 | C33: Bao vô cây cuộn CN 47*95 | D33: kg | F33: 2.3 | G33: =+G32+E33-F33 -> 8.9 | H33: Nguyễn Thị Liên | I33: SX
B34: 45930 | C34: Bao vô cây cuộn CN 47*95 | D34: kg | E34: =8*25+5 -> 205 | F34: 10 | G34: =+G33+E34-F34 -> 203.9 | H34: Nguyễn Thị Liên | I34: SX
B35: 45938 | C35: Bao vô cây cuộn CN 47*95 | D35: kg | F35: 5.6 | G35: =+G34+E35-F35 -> 198.3 | H35: Nguyễn Thị Liên | I35: SX
C36: Bao vô cây cuộn CN 47*95 | D36: kg | G36: =+G35+E36-F36 -> 198.3 | H36: Nguyễn Thị Liên | I36: SX
C37: Bao vô cây cuộn CN 47*95 | D37: kg | G37: =+G36+E37-F37 -> 198.3 | H37: Nguyễn Thị Liên | I37: SX
C38: Bao vô cây cuộn CN 47*95 | D38: kg | G38: =+G37+E38-F38 -> 198.3 | H38: Nguyễn Thị Liên | I38: SX
C39: Bao vô cây cuộn CN 47*95 | D39: kg | G39: =+G38+E39-F39 -> 198.3 | H39: Nguyễn Thị Liên | I39: SX
C40: Bao vô cây cuộn CN 47*95 | D40: kg | G40: =+G39+E40-F40 -> 198.3 | H40: Nguyễn Thị ,Tâm | I40: SX
C41: Bao vô cây cuộn CN 47*95 | D41: kg | G41: =+G40+E41-F41 -> 198.3 | H41: Nguyễn Thị ,Tâm | I41: SX
C42: Bao vô cây cuộn CN 47*95 | D42: kg | G42: =+G41+E42-F42 -> 198.3 | H42: Nguyễn Thị ,Tâm | I42: SX
C43: Bao vô cây cuộn CN 47*95 | D43: kg | G43: =+G42+E43-F43 -> 198.3 | H43: Nguyễn Thị ,Tâm | I43: SX
C44: Bao vô cây cuộn CN 47*95 | D44: kg | G44: =+G43+E44-F44 -> 198.3 | H44: Nguyễn Thị ,Tâm | I44: SX
C45: Bao vô cây cuộn CN 47*95 | D45: kg | G45: =+G44+E45-F45 -> 198.3 | H45: Nguyễn Thị ,Tâm | I45: SX
C46: Bao vô cây cuộn CN 47*95 | D46: kg | G46: =+G45+E46-F46 -> 198.3 | H46: Nguyễn Thị ,Tâm | I46: SX
C47: Bao vô cây cuộn CN 47*95 | D47: kg | G47: =+G46+E47-F47 -> 198.3 | H47: Nguyễn Thị ,Tâm | I47: SX
... C74: Bao vô cây cuộn CN 47*95 | D74: kg | G74: =+G73+E74-F74 -> 198.3 | H74: Nguyễn Thị ,Tâm | I74: SX
C75: Bao vô cây cuộn CN 47*95 | D75: kg | G75: =+G74+E75-F75 -> 198.3
C76: Bao vô cây cuộn CN 47*95 | D76: kg | G76: =+G75+E76-F76 -> 198.3
C77: Bao vô cây cuộn CN 47*95 | D77: kg | G77: =+G76+E77-F77 -> 198.3
C78: Bao vô cây cuộn CN 47*95 | D78: kg | G78: =+G77+E78-F78 -> 198.3
C79: Bao vô cây cuộn CN 47*95 | D79: kg | G79: =+G78+E79-F79 -> 198.3
C80: Bao vô cây cuộn CN 47*95 | D80: kg | G80: =+G79+E80-F80 -> 198.3
C81: Bao vô cây cuộn CN 47*95 | D81: kg | G81: =+G80+E81-F81 -> 198.3
C82: Bao vô cây cuộn CN 47*95 | D82: kg | G82: =+G81+E82-F82 -> 198.3
C83: Bao vô cây cuộn CN 47*95 | D83: kg | G83: =+G82+E83-F83 -> 198.3
C84: Bao vô cây cuộn CN 47*95 | D84: kg | G84: =+G83+E84-F84 -> 198.3
C85: Bao vô cây cuộn CN 47*95 | D85: kg | G85: =+G84+E85-F85 -> 198.3
C86: Bao vô cây cuộn CN 47*95 | D86: kg | G86: =+G85+E86-F86 -> 198.3
... C149: Bao vô cây cuộn CN 47*95 | D149: kg | G149: =+G148+E149-F149 -> 198.3
D150: kg | G150: =+G149+E150-F150 -> 198.3
D151: kg | G151: =+G150+E151-F151 -> 198.3
D152: kg | G152: =+G151+E152-F152 -> 198.3
C153: Tổng cộng | E153: =SUM(E9:E152) -> 474 | F153: =SUM(F9:F152) -> 394.7 | G153: =E153-F153+G8 -> 198.3

Sheet Bao 5 cuộn CN
A1: Cty TNHH Đông Á
A2: Thôn Mộc Ty, xã Trưng Trắc, huyện Văn Lâm, tỉnh Hưng Yên
A4: =+'[1]Hộp oto'!A4:I5 -> THẺ KHO NGUYÊN VẬT LIỆU
A7: STT | B7: Ngày tháng | C7: Tên nguyên vật liệu | D7: ĐVT | E7: Số lượng nhập | F7: Số lượng xuất | G7: Tồn | H7: Người nhận | I7: Ghi chú
B8: 45658 | C8: Tồn đầu kỳ | D8: kg | G8: 523
B9: 45670 | C9: Bao 5 cuộn 30*70 | D9: kg | F9: 1.8 | G9: =+G8+E9-F9 -> 521.2 | I9: SX
B10: 45671 | C10: Bao 5 cuộn 30*70 | D10: kg | F10: 5 | G10: =+G9+E10-F10 -> 516.2 | H10: Nguyễn Thị Liên | I10: SX
B11: 45672 | C11: Bao 5 cuộn 30*70 | D11: kg | F11: 3.7 | G11: =+G10+E11-F11 -> 512.5 | H11: Nguyễn Thị Liên | I11: SX
B12: 45673 | C12: Bao 5 cuộn 30*70 | D12: kg | F12: 6.8 | G12: =+G11+E12-F12 -> 505.7 | I12: SX
B13: 45674 | C13: Bao 5 cuộn 30*70 | D13: kg | F13: 2.2 | G13: =+G12+E13-F13 -> 503.5 | H13: Nguyễn Thị Liên | I13: SX
B14: 45681 | C14: Bao 5 cuộn 30*70 | D14: kg | F14: 1.1 | G14: =+G13+E14-F14 -> 502.4 | H14: Nguyễn Thị Liên | I14: SX
B15: 45690 | C15: Bao 5 cuộn 30*70 | F15: 0.8 | G15: =+G14+E15-F15 -> 501.6
B16: 45691 | C16: Bao 5 cuộn 30*70 | D16: kg | F16: 4 | G16: =+G15+E16-F16 -> 497.6 | H16: Nguyễn Thị Liên | I16: SX
B17: 45692 | C17: Bao 5 cuộn 30*70 | D17: kg | F17: 6 | G17: =+G16+E17-F17 -> 491.6 | H17: Nguyễn Thị Liên | I17: SX
B18: 45706 | C18: Bao 5 cuộn 30*70 | D18: kg | F18: 7.6 | G18: =+G17+E18-F18 -> 484 | H18: Nguyễn Thị Liên | I18: SX
B19: 45707 | C19: Bao 5 cuộn 30*70 | D19: kg | F19: 7.3 | G19: =+G18+E19-F19 -> 476.7 | I19: Bao bì minh sơn
B20: 45708 | C20: Bao 5 cuộn 30*70 | D20: kg | F20: 5.5 | G20: =+G19+E20-F20 -> 471.2 | H20: Nguyễn Thị Liên | I20: SX
B21: 45709 | C21: Bao 5 cuộn 30*70 | D21: kg | F21: 2.6 | G21: =+G20+E21-F21 -> 468.6 | H21: Nguyễn Thị Liên | I21: SX
B22: 45757 | C22: Bao 5 cuộn 30*70 | D22: kg | F22: 5.1 | G22: =+G21+E22-F22 -> 463.5 | H22: Nguyễn Thị Liên | I22: SX
B23: 45758 | C23: Bao 5 cuộn 30*70 | D23: kg | F23: 6.5 | G23: =+G22+E23-F23 -> 457 | H23: Nguyễn Thị Liên | I23: SX
B24: 45759 | C24: Bao 5 cuộn 30*70 | D24: kg | F24: 15 | G24: =+G23+E24-F24 -> 442 | H24: Nguyễn Thị Liên | I24: SX
B25: 45761 | C25: Bao 5 cuộn 30*70 | D25: kg | F25: 8.4 | G25: =+G24+E25-F25 -> 433.6 | H25: Nguyễn Thị Liên | I25: Đóng lại hàng linh an
B26: 45771 | C26: Bao 5 cuộn 30*70 | D26: kg | F26: 8.8 | G26: =+G25+E26-F26 -> 424.8 | H26: Nguyễn Thị Liên | I26: SX
B27: 45773 | C27: Bao 5 cuộn 30*70 | D27: kg | F27: 5.3 | G27: =+G26+E27-F27 -> 419.5 | H27: Nguyễn Thị Liên | I27: SX
B28: 45775 | C28: Bao 5 cuộn 30*70 | D28: kg | F28: 8.5 | G28: =+G27+E28-F28 -> 411 | H28: Nguyễn Thị Liên | I28: SX
B29: 45776 | C29: Bao 5 cuộn 30*70 | D29: kg | F29: 2.7 | G29: =+G28+E29-F29 -> 408.3 | H29: Nguyễn Thị Liên | I29: SX
B30: 45783 | C30: Bao 5 cuộn 30*70 | D30: kg | F30: 2.5 | G30: =+G29+E30-F30 -> 405.8 | H30: Nguyễn Thị Liên | I30: SX
B31: 45784 | C31: Bao 5 cuộn 30*70 | D31: kg | F31: 13.7 | G31: =+G30+E31-F31 -> 392.1 | H31: Nguyễn Thị Liên | I31: SX
B32: 45809 | C32: Bao 5 cuộn 30*70 | D32: kg | F32: 0.9 | G32: =+G31+E32-F32 -> 391.2 | H32: Nguyễn Thị Liên | I32: SX
B33: 45810 | C33: Bao 5 cuộn 30*70 | D33: kg | F33: 8.4 | G33: =+G32+E33-F33 -> 382.8 | I33: SX
B34: 45812 | C34: Bao 5 cuộn 30*70 | D34: kg | F34: 10 | G34: =+G33+E34-F34 -> 372.8 | I34: SX
B35: 45813 | C35: Bao 5 cuộn 30*70 | D35: kg | F35: 8.5 | G35: =+G34+E35-F35 -> 364.3 | H35: Đóng lại hàng jp | I35: SX
B36: 45825 | C36: Bao 5 cuộn 30*70 | D36: kg | F36: 2.5 | G36: =+G35+E36-F36 -> 361.8 | I36: SX
B37: 45834 | C37: Bao 5 cuộn 30*70 | D37: kg | F37: 9.4 | G37: =+G36+E37-F37 -> 352.4 | I37: SX
B38: 45835 | C38: Bao 5 cuộn 30*70 | D38: kg | F38: 7.6 | G38: =+G37+E38-F38 -> 344.8 | I38: SX
B39: 45843 | C39: Bao 5 cuộn 30*70 | D39: kg | F39: 6.3 | G39: =+G38+E39-F39 -> 338.5 | I39: SX
B40: 45845 | C40: Bao 5 cuộn 30*70 | D40: kg | F40: 9.7 | G40: =+G39+E40-F40 -> 328.8 | I40: SX
B41: 45846 | C41: Bao 5 cuộn 30*70 | D41: kg | E41: 334.5 | F41: 10.5 | G41: =+G40+E41-F41 -> 652.8 | I41: SX
B42: 45857 | C42: Bao 5 cuộn 30*70 | D42: kg | F42: 6.5 | G42: =+G41+E42-F42 -> 646.3 | I42: SX
B43: 45859 | C43: Bao 5 cuộn 30*70 | D43: kg | F43: 3.5 | G43: =+G42+E43-F43 -> 642.8 | I43: SX
B44: 45860 | C44: Bao 5 cuộn 30*70 | D44: kg | F44: 20.3 | G44: =+G43+E44-F44 -> 622.5 | I44: SX
B45: 45880 | C45: Bao 5 cuộn 30*70 | D45: kg | F45: 7 | G45: =+G44+E45-F45 -> 615.5 | I45: SX
B46: 45881 | C46: Bao 5 cuộn 30*70 | D46: kg | F46: 11.2 | G46: =+G45+E46-F46 -> 604.3 | I46: SX
B47: 45882 | C47: Bao 5 cuộn 30*70 | D47: kg | F47: 8.1 | G47: =+G46+E47-F47 -> 596.2 | I47: SX
B48: 45890 | C48: Bao 5 cuộn 30*70 | D48: kg | F48: 11.1 | G48: =+G47+E48-F48 -> 585.1 | I48: SX
B49: 45891 | C49: Bao 5 cuộn 30*70 | D49: kg | F49: 6.7 | G49: =+G48+E49-F49 -> 578.4 | I49: SX
B50: 45892 | C50: Bao 5 cuộn 30*70 | D50: kg | F50: 3.5 | G50: =+G49+E50-F50 -> 574.9 | I50: SX
B51: 45894 | C51: Bao 5 cuộn 30*70 | D51: kg | F51: 10 | G51: =+G50+E51-F51 -> 564.9 | I51: SX
B52: 45895 | C52: Bao 5 cuộn 30*70 | D52: kg | F52: 13.5 | G52: =+G51+E52-F52 -> 551.4 | I52: SX
B53: 45896 | C53: Bao 5 cuộn 30*70 | D53: kg | F53: 14.3 | G53: =+G52+E53-F53 -> 537.1 | I53: SX
... B57: 45911 | C57: Bao 5 cuộn 30*70 | D57: kg | F57: 8.2 | G57: =+G56+E57-F57 -> 510.1 | I57: SX
C58: Bao 5 cuộn 30*70 | D58: kg | G58: =+G57+E58-F58 -> 510.1 | I58: SX
C59: Bao 5 cuộn 30*70 | D59: kg | G59: =+G58+E59-F59 -> 510.1 | I59: SX
C60: Bao 5 cuộn 30*70 | D60: kg | G60: =+G59+E60-F60 -> 510.1 | I60: SX
C61: Bao 5 cuộn 30*70 | D61: kg | G61: =+G60+E61-F61 -> 510.1 | I61: SX
C62: Bao 5 cuộn 30*70 | D62: kg | G62: =+G61+E62-F62 -> 510.1 | I62: SX
C63: Bao 5 cuộn 30*70 | D63: kg | G63: =+G62+E63-F63 -> 510.1 | I63: SX
C64: Bao 5 cuộn 30*70 | D64: kg | G64: =+G63+E64-F64 -> 510.1 | I64: SX
C65: Bao 5 cuộn 30*70 | D65: kg | G65: =+G64+E65-F65 -> 510.1 | I65: SX
C66: Bao 5 cuộn 30*70 | D66: kg | G66: =+G65+E66-F66 -> 510.1 | I66: SX
C67: Bao 5 cuộn 30*70 | D67: kg | G67: =+G66+E67-F67 -> 510.1 | I67: SX
C68: Bao 5 cuộn 30*70 | D68: kg | G68: =+G67+E68-F68 -> 510.1 | I68: SX
C69: Bao 5 cuộn 30*70 | D69: kg | G69: =+G68+E69-F69 -> 510.1 | I69: SX
... C75: Bao 5 cuộn 30*70 | D75: kg | G75: =+G74+E75-F75 -> 510.1 | I75: SX
C76: Bao 5 cuộn 30*70 | D76: kg | G76: =+G75+E76-F76 -> 510.1
C77: Bao 5 cuộn 30*70 | D77: kg | G77: =+G76+E77-F77 -> 510.1
C78: Bao 5 cuộn 30*70 | D78: kg | G78: =+G77+E78-F78 -> 510.1
C79: Bao 5 cuộn 30*70 | D79: kg | G79: =+G78+E79-F79 -> 510.1
C80: Bao 5 cuộn 30*70 | D80: kg | G80: =+G79+E80-F80 -> 510.1
C81: Bao 5 cuộn 30*70 | D81: kg | G81: =+G80+E81-F81 -> 510.1
C82: Bao 5 cuộn 30*70 | D82: kg | G82: =+G81+E82-F82 -> 510.1
C83: Bao 5 cuộn 30*70 | D83: kg | G83: =+G82+E83-F83 -> 510.1
C84: Bao 5 cuộn 30*70 | D84: kg | G84: =+G83+E84-F84 -> 510.1
C85: Bao 5 cuộn 30*70 | D85: kg | G85: =+G84+E85-F85 -> 510.1
C86: Bao 5 cuộn 30*70 | D86: kg | G86: =+G85+E86-F86 -> 510.1
C87: Bao 5 cuộn 30*70 | D87: kg | G87: =+G86+E87-F87 -> 510.1
... C143: Bao 5 cuộn 30*70 | D143: kg | G143: =+G142+E143-F143 -> 510.1
D144: kg | G144: =+G143+E144-F144 -> 510.1
D145: kg | G145: =+G144+E145-F145 -> 510.1
D146: kg | G146: =+G145+E146-F146 -> 510.1
D147: kg | G147: =+G146+E147-F147 -> 510.1
D148: kg | G148: =+G147+E148-F148 -> 510.1
D149: kg | G149: =+G148+E149-F149 -> 510.1
D150: kg | G150: =+G149+E150-F150 -> 510.1
D151: kg | G151: =+G150+E151-F151 -> 510.1
D152: kg | G152: =+G151+E152-F152 -> 510.1
D153: kg | G153: =+G152+E153-F153 -> 510.1
C154: Tổng cộng | E154: =SUM(E9:E153) -> 334.5 | F154: =SUM(F9:F153) -> 347.4 | G154: =E154-F154+G8 -> 510.1

Sheet Bao vô cây 12 cuộn
A1: Cty TNHH Đông Á
A2: Thôn Mộc Ty, xã Trưng Trắc, huyện Văn Lâm, tỉnh Hưng Yên
A4: =+'[1]Hộp oto'!A4:I5 -> THẺ KHO NGUYÊN VẬT LIỆU
A6: trung binh 9c/1kg
A7: STT | B7: Ngày tháng | C7: Tên nguyên vật liệu | D7: ĐVT | E7: Số lượng nhập | F7: Số lượng xuất | G7: Tồn | H7: Người nhận | I7: Ghi chú
B8: 45658 | C8: Tồn đầu kỳ | D8: kg | G8: 337
B9: 45714 | C9: Bao vô cây 12 cuộn 665*105 | D9: kg | F9: 0.9 | G9: =+G8+E9-F9 -> 336.1 | H9: Nguyễn Thị ,Tâm | I9: SX
B10: 45716 | C10: Bao vô cây 12 cuộn 665*105 | D10: kg | F10: 0.4 | G10: =+G9+E10-F10 -> 335.7 | H10: Nguyễn Thị ,Tâm | I10: SX
B11: 45717 | C11: Bao vô cây 12 cuộn 665*105 | D11: kg | F11: 0.5 | G11: =+G10+E11-F11 -> 335.2 | H11: Nguyễn Thị ,Tâm | I11: SX
B12: 45720 | C12: Bao vô cây 12 cuộn 665*105 | D12: kg | F12: 0.1 | G12: =+G11+E12-F12 -> 335.1 | H12: Nguyễn Thị Liên | I12: SX
B13: 45730 | C13: Bao vô cây 12 cuộn 665*105 | D13: kg | F13: 0.4 | G13: =+G12+E13-F13 -> 334.7 | H13: Nguyễn Thị Liên | I13: SX
B14: 45731 | C14: Bao vô cây 12 cuộn 665*105 | D14: kg | F14: 2.6 | G14: =+G13+E14-F14 -> 332.1 | H14: Nguyễn Thị Liên | I14: SX
B15: 45733 | C15: Bao vô cây 12 cuộn 665*105 | D15: kg | F15: 8.7 | G15: =+G14+E15-F15 -> 323.4 | H15: Nguyễn Thị Liên | I15: SX
B16: 45734 | C16: Bao vô cây 12 cuộn 665*105 | D16: kg | F16: 10.9 | G16: =+G15+E16-F16 -> 312.5 | H16: Nguyễn Thị Liên | I16: SX
B17: 45735 | C17: Bao vô cây 12 cuộn 665*105 | D17: kg | F17: 11.5 | G17: =+G16+E17-F17 -> 301 | H17: Nguyễn Thị Liên | I17: SX
B18: 45765 | C18: Bao vô cây 12 cuộn 665*105 | D18: kg | F18: 1.2 | G18: =+G17+E18-F18 -> 299.8 | H18: Nguyễn Thị Liên | I18: SX
B19: 45770 | C19: Bao vô cây 12 cuộn 665*105 | D19: kg | F19: 2 | G19: =+G18+E19-F19 -> 297.8 | H19: Nguyễn Thị Liên | I19: SX
B20: 45799 | C20: Bao vô cây 12 cuộn 665*105 | D20: kg | F20: 8.8 | G20: =+G19+E20-F20 -> 289 | H20: Nguyễn Thị Liên | I20: SX
... B34: 45875 | C34: Bao vô cây 12 cuộn 665*105 | D34: kg | F34: 2.5 | G34: =+G33+E34-F34 -> 224.4 | H34: Nguyễn Thị ,Tâm | I34: SX
B35: 45876 | C35: Bao vô cây 12 cuộn 665*105 | D35: kg | F35: 4 | G35: =+G34+E35-F35 -> 220.4 | H35: Nguyễn Thị ,Tâm | I35: SX | M35: =27/9 -> 3
B36: 45877 | C36: Bao vô cây 12 cuộn 665*105 | D36: kg | F36: 9.5 | G36: =+G35+E36-F36 -> 210.9 | H36: Nguyễn Thị ,Tâm | I36: Bao Bì minh Sơn
B37: 45878 | C37: Bao vô cây 12 cuộn 665*105 | D37: kg | F37: 4.5 | G37: =+G36+E37-F37 -> 206.4 | H37: Nguyễn Thị ,Tâm | I37: SX
B38: 45880 | C38: Bao vô cây 12 cuộn 665*105 | D38: kg | F38: 2.5 | G38: =+G37+E38-F38 -> 203.9 | H38: Nguyễn Thị ,Tâm | I38: SX
B39: 45888 | C39: Bao vô cây 12 cuộn 665*105 | D39: kg | F39: 2 | G39: =+G38+E39-F39 -> 201.9 | H39: Nguyễn Thị ,Tâm | I39: SX | J39: Sửa hàng phú thọ
B40: 45898 | C40: Bao vô cây 12 cuộn 665*105 | D40: kg | F40: 1.8 | G40: =+G39+E40-F40 -> 200.1 | H40: Nguyễn Thị ,Tâm | I40: SX
B41: 45899 | C41: Bao vô cây 12 cuộn 665*105 | D41: kg | F41: 0.7 | G41: =+G40+E41-F41 -> 199.4 | H41: Nguyễn Thị ,Tâm | I41: SX
B42: 45908 | C42: Bao vô cây 12 cuộn 665*105 | D42: kg | F42: 1 | G42: =+G41+E42-F42 -> 198.4 | H42: Nguyễn Thị ,Tâm | I42: SX
B43: 45909 | C43: Bao vô cây 12 cuộn 665*105 | D43: kg | F43: 1.7 | G43: =+G42+E43-F43 -> 196.7 | H43: Nguyễn Thị ,Tâm | I43: SX
B44: 45910 | C44: Bao vô cây 12 cuộn 665*105 | D44: kg | F44: 1.5 | G44: =+G43+E44-F44 -> 195.2 | H44: Nguyễn Thị ,Tâm | I44: SX
B45: 45911 | C45: Bao vô cây 12 cuộn 665*105 | D45: kg | F45: 6.5 | G45: =+G44+E45-F45 -> 188.7 | H45: Nguyễn Thị ,Tâm | I45: SX
B46: 45912 | C46: Bao vô cây 12 cuộn 665*105 | D46: kg | F46: 8.5 | G46: =+G45+E46-F46 -> 180.2 | H46: Nguyễn Thị ,Tâm | I46: My đê nghị xuất cho khách đóng lại hàng
B47: 45913 | C47: Bao vô cây 12 cuộn 665*105 | D47: kg | F47: 9.1 | G47: =+G46+E47-F47 -> 171.1 | H47: Nguyễn Thị ,Tâm | I47: SX
B48: 45915 | C48: Bao vô cây 12 cuộn 665*105 | D48: kg | F48: 8.4 | G48: =+G47+E48-F48 -> 162.7 | H48: Nguyễn Thị ,Tâm | I48: SX
B49: 45917 | C49: Bao vô cây 12 cuộn 665*105 | D49: kg | F49: 6.5 | G49: =+G48+E49-F49 -> 156.2 | H49: Nguyễn Thị ,Tâm | I49: SX
B50: 45918 | C50: Bao vô cây 12 cuộn 665*105 | D50: kg | F50: 2 | G50: =+G49+E50-F50 -> 154.2 | H50: Nguyễn Thị ,Tâm | I50: SX
B51: 45922 | C51: Bao vô cây 12 cuộn 665*105 | D51: kg | F51: 1.2 | G51: =+G50+E51-F51 -> 153 | H51: Nguyễn Thị ,Tâm | I51: SX
... B67: 45940 | C67: Bao vô cây 12 cuộn 665*105 | D67: kg | F67: 1.9 | G67: =+G66+E67-F67 -> 120.1 | H67: Nguyễn Thị ,Tâm | I67: SX
C68: Bao vô cây 12 cuộn 665*105 | D68: kg | G68: =+G67+E68-F68 -> 120.1 | H68: Nguyễn Thị ,Tâm | I68: SX
C69: Bao vô cây 12 cuộn 665*105 | D69: kg | G69: =+G68+E69-F69 -> 120.1 | H69: Nguyễn Thị ,Tâm | I69: SX
C70: Bao vô cây 12 cuộn 665*105 | D70: kg | G70: =+G69+E70-F70 -> 120.1 | H70: Nguyễn Thị ,Tâm | I70: SX
C71: Bao vô cây 12 cuộn 665*105 | D71: kg | G71: =+G70+E71-F71 -> 120.1 | H71: Nguyễn Thị ,Tâm | I71: SX
C72: Bao vô cây 12 cuộn 665*105 | D72: kg | G72: =+G71+E72-F72 -> 120.1 | H72: Nguyễn Thị ,Tâm | I72: SX
C73: Bao vô cây 12 cuộn 665*105 | D73: kg | G73: =+G72+E73-F73 -> 120.1 | H73: Nguyễn Thị ,Tâm | I73: SX
C74: Bao vô cây 12 cuộn 665*105 | D74: kg | G74: =+G73+E74-F74 -> 120.1 | H74: Nguyễn Thị ,Tâm | I74: SX
C75: Bao vô cây 12 cuộn 665*105 | D75: kg | G75: =+G74+E75-F75 -> 120.1
C76: Bao vô cây 12 cuộn 665*105 | D76: kg | G76: =+G75+E76-F76 -> 120.1
C77: Bao vô cây 12 cuộn 665*105 | D77: kg | G77: =+G76+E77-F77 -> 120.1
C78: Bao vô cây 12 cuộn 665*105 | D78: kg | G78: =+G77+E78-F78 -> 120.1
C79: Bao vô cây 12 cuộn 665*105 | D79: kg | G79: =+G78+E79-F79 -> 120.1
C80: Bao vô cây 12 cuộn 665*105 | D80: kg | G80: =+G79+E80-F80 -> 120.1
C81: Bao vô cây 12 cuộn 665*105 | D81: kg | G81: =+G80+E81-F81 -> 120.1
C82: Bao vô cây 12 cuộn 665*105 | D82: kg | G82: =+G81+E82-F82 -> 120.1
C83: Bao vô cây 12 cuộn 665*105 | D83: kg | G83: =+G82+E83-F83 -> 120.1
C84: Bao vô cây 12 cuộn 665*105 | D84: kg | G84: =+G83+E84-F84 -> 120.1
C85: Bao vô cây 12 cuộn 665*105 | D85: kg | G85: =+G84+E85-F85 -> 120.1
C86: Bao vô cây 12 cuộn 665*105 | D86: kg | G86: =+G85+E86-F86 -> 120.1
... C147: Bao vô cây 12 cuộn 665*105 | D147: kg | G147: =+G146+E147-F147 -> 120.1
D148: kg | G148: =+G147+E148-F148 -> 120.1
D149: kg | G149: =+G148+E149-F149 -> 120.1
D150: kg | G150: =+G149+E150-F150 -> 120.1
D151: kg | G151: =+G150+E151-F151 -> 120.1
D152: kg | G152: =+G151+E152-F152 -> 120.1
C153: Tổng cộng | E153: =SUM(E9:E152) -> 0 | F153: =SUM(F9:F152) -> 216.9 | G153: =E153-F153+G8 -> 120.1

Sheet Bao vô cây 10 cuộn
A1: Cty TNHH Đông Á
A2: Thôn Mộc Ty, xã Trưng Trắc, huyện Văn Lâm, tỉnh Hưng Yên
A4: =+'[1]Hộp oto'!A4:I5 -> THẺ KHO NGUYÊN VẬT LIỆU
A7: STT | B7: Ngày tháng | C7: Tên nguyên vật liệu | D7: ĐVT | E7: Số lượng nhập | F7: Số lượng xuất | G7: Tồn | H7: Người nhận | I7: Ghi chú
B8: 45658 | C8: Tồn đầu kỳ | D8: kg | G8: 629
B9: 45679 | C9: Bao vô cây 10 cuộn 555*100 | D9: kg | F9: 2.2 | G9: =+G8+E9-F9 -> 626.8 | H9: Nguyễn Thị Thanh Tâm | I9: sx
B10: 45680 | C10: Bao vô cây 10 cuộn 555*100 | D10: kg | F10: 4.6 | G10: =+G9+E10-F10 -> 622.2
B11: 45681 | C11: Bao vô cây 10 cuộn 555*100 | D11: kg | F11: 0.7 | G11: =+G10+E11-F11 -> 621.5
B12: 45693 | C12: Bao vô cây 10 cuộn 555*100 | D12: kg | F12: 2.7 | G12: =+G11+E12-F12 -> 618.8
B13: 45694 | C13: Bao vô cây 10 cuộn 555*100 | D13: kg | F13: 3.4 | G13: =+G12+E13-F13 -> 615.4
B14: 45702 | C14: Bao vô cây 10 cuộn 555*100 | D14: kg | F14: 0.1 | G14: =+G13+E14-F14 -> 615.3 | H14: Nguyễn Thị Liên | I14: SX
B15: 45703 | C15: Bao vô cây 10 cuộn 555*100 | D15: kg | F15: 1 | G15: =+G14+E15-F15 -> 614.3
B16: 45705 | C16: Bao vô cây 10 cuộn 555*100 | D16: kg | F16: 2.1 | G16: =+G15+E16-F16 -> 612.2
B17: 45706 | C17: Bao vô cây 10 cuộn 555*100 | D17: kg | F17: 0.8 | G17: =+G16+E17-F17 -> 611.4
B18: 45707 | C18: Bao vô cây 10 cuộn 555*100 | D18: kg | F18: 0.5 | G18: =+G17+E18-F18 -> 610.9
B19: 45713 | C19: Bao vô cây 10 cuộn 555*100 | D19: kg | F19: 0.5 | G19: =+G18+E19-F19 -> 610.4
B20: 45714 | C20: Bao vô cây 10 cuộn 555*100 | D20: kg | F20: 1 | G20: =+G19+E20-F20 -> 609.4
B21: 45715 | C21: Bao vô cây 10 cuộn 555*100 | D21: kg | F21: 1.7 | G21: =+G20+E21-F21 -> 607.7
B22: 45716 | C22: Bao vô cây 10 cuộn 555*100 | D22: kg | F22: 0.4 | G22: =+G21+E22-F22 -> 607.3 | N22: =4*16+12 -> 76
B23: 45717 | C23: Bao vô cây 10 cuộn 555*100 | D23: kg | F23: 1.6 | G23: =+G22+E23-F23 -> 605.7 | N23: =+N22*12 -> 912
B24: 45719 | C24: Bao vô cây 10 cuộn 555*100 | D24: kg | F24: 1.6 | G24: =+G23+E24-F24 -> 604.1 | N24: =+N23*12 -> 10944
B25: 45720 | C25: Bao vô cây 10 cuộn 555*100 | D25: kg | F25: 4.5 | G25: =+G24+E25-F25 -> 599.6 | N25: =+N24*89 -> 974016
B26: 45721 | C26: Bao vô cây 10 cuộn 555*100 | D26: kg | F26: 7.9 | G26: =+G25+E26-F26 -> 591.7 | N26: =+N25/2848 -> 342
B27: 45722 | C27: Bao vô cây 10 cuộn 555*100 | D27: kg | F27: 3.5 | G27: =+G26+E27-F27 -> 588.2
B28: 45723 | C28: Bao vô cây 10 cuộn 555*100 | D28: kg | F28: 3.2 | G28: =+G27+E28-F28 -> 585
B29: 45724 | C29: Bao vô cây 10 cuộn 555*100 | D29: kg | F29: 1.8 | G29: =+G28+E29-F29 -> 583.2
B30: 45726 | C30: Bao vô cây 10 cuộn 555*100 | D30: kg | F30: 2.5 | G30: =+G29+E30-F30 -> 580.7
B31: 45727 | C31: Bao vô cây 10 cuộn 555*100 | D31: kg | F31: 5.1 | G31: =+G30+E31-F31 -> 575.6
B32: 45728 | C32: Bao vô cây 10 cuộn 555*100 | D32: kg | F32: 1.9 | G32: =+G31+E32-F32 -> 573.7
B33: 45730 | C33: Bao vô cây 10 cuộn 555*100 | D33: kg | F33: 5.9 | G33: =+G32+E33-F33 -> 567.8
B34: 45731 | C34: Bao vô cây 10 cuộn 555*100 | D34: kg | F34: 2.7 | G34: =+G33+E34-F34 -> 565.1
B35: 45736 | C35: Bao vô cây 10 cuộn 555*100 | D35: kg | F35: 5.7 | G35: =+G34+E35-F35 -> 559.4
B36: 45737 | C36: Bao vô cây 10 cuộn 555*100 | D36: kg | F36: 4.9 | G36: =+G35+E36-F36 -> 554.5
B37: 45738 | C37: Bao vô cây 10 cuộn 555*100 | D37: kg | F37: 3.7 | G37: =+G36+E37-F37 -> 550.8
B38: 45740 | C38: Bao vô cây 10 cuộn 555*100 | D38: kg | F38: 4 | G38: =+G37+E38-F38 -> 546.8
... B40: 45742 | C40: Bao vô cây 10 cuộn 555*100 | D40: kg | F40: 3.7 | G40: =+G39+E40-F40 -> 537.9
B41: 45743 | C41: Bao vô cây 10 cuộn 555*100 | D41: kg | F41: 1.6 | G41: =+G40+E41-F41 -> 536.3 | I41: DN
B42: 45751 | C42: Bao vô cây 10 cuộn 555*100 | D42: kg | F42: 1.6 | G42: =+G41+E42-F42 -> 534.7
B43: 45752 | C43: Bao vô cây 10 cuộn 555*100 | D43: kg | F43: 0.7 | G43: =+G42+E43-F43 -> 534
B44: 45755 | C44: Bao vô cây 10 cuộn 555*100 | D44: kg | F44: 5.9 | G44: =+G43+E44-F44 -> 528.1
B45: 45756 | C45: Bao vô cây 10 cuộn 555*100 | D45: kg | F45: 8 | G45: =+G44+E45-F45 -> 520.1
B46: 45765 | C46: Bao vô cây 10 cuộn 555*100 | D46: kg | F46: 1.5 | G46: =+G45+E46-F46 -> 518.6
B47: 45783 | C47: Bao vô cây 10 cuộn 555*100 | D47: kg | F47: 1.5 | G47: =+G46+E47-F47 -> 517.1
B48: 45784 | C48: Bao vô cây 10 cuộn 555*100 | D48: kg | F48: 1.2 | G48: =+G47+E48-F48 -> 515.9
B49: 45786 | C49: Bao vô cây 10 cuộn 555*100 | D49: kg | F49: 2.5 | G49: =+G48+E49-F49 -> 513.4
B50: 45787 | C50: Bao vô cây 10 cuộn 555*100 | D50: kg | F50: 3.3 | G50: =+G49+E50-F50 -> 510.1
B51: 45789 | C51: Bao vô cây 10 cuộn 555*100 | D51: kg | F51: 5.5 | G51: =+G50+E51-F51 -> 504.6
B52: 45790 | C52: Bao vô cây 10 cuộn 555*100 | D52: kg | F52: 4 | G52: =+G51+E52-F52 -> 500.6
B53: 45794 | C53: Bao vô cây 10 cuộn 555*100 | D53: kg | F53: 7 | G53: =+G52+E53-F53 -> 493.6
... B59: 45817 | C59: Bao vô cây 10 cuộn 555*100 | D59: kg | F59: 0.6 | G59: =+G58+E59-F59 -> 471.3
B60: 45818 | C60: Bao vô cây 10 cuộn 555*100 | D60: kg | F60: 6.8 | G60: =+G59+E60-F60 -> 464.5 | I60: Đóng shera 70 g + nk cân
B61: 45819 | C61: Bao vô cây 10 cuộn 555*100 | D61: kg | F61: 8.5 | G61: =+G60+E61-F61 -> 456
B62: 45820 | C62: Bao vô cây 10 cuộn 555*100 | D62: kg | F62: 1.5 | G62: =+G61+E62-F62 -> 454.5
B63: 45821 | C63: Bao vô cây 10 cuộn 555*100 | D63: kg | F63: 0.6 | G63: =+G62+E63-F63 -> 453.9
B64: 45829 | C64: Bao vô cây 10 cuộn 555*100 | D64: kg | F64: 1.2 | G64: =+G63+E64-F64 -> 452.7
B65: 45833 | C65: Bao vô cây 10 cuộn 555*100 | D65: kg | F65: 6.7 | G65: =+G64+E65-F65 -> 446
B66: 45834 | C66: Bao vô cây 10 cuộn 555*100 | D66: kg | F66: 10 | G66: =+G65+E66-F66 -> 436
B67: 45835 | C67: Bao vô cây 10 cuộn 555*100 | D67: kg | F67: 4.5 | G67: =+G66+E67-F67 -> 431.5
B68: 45836 | C68: Bao vô cây 10 cuộn 555*100 | D68: kg | F68: 1.3 | G68: =+G67+E68-F68 -> 430.2
B69: 45839 | C69: Bao vô cây 10 cuộn 555*100 | D69: kg | F69: 5.1 | G69: =+G68+E69-F69 -> 425.1
B70: 45840 | C70: Bao vô cây 10 cuộn 555*100 | D70: kg | F70: 7.8 | G70: =+G69+E70-F70 -> 417.3 | H70: Nguyễn Thị ,Tâm | I70: SX
B71: 45841 | C71: Bao vô cây 10 cuộn 555*100 | D71: kg | F71: 8.2 | G71: =+G70+E71-F71 -> 409.1 | H71: Nguyễn Thị ,Tâm | I71: SX
B72: 45842 | C72: Bao vô cây 10 cuộn 555*100 | D72: kg | F72: 1.3 | G72: =+G71+E72-F72 -> 407.8 | H72: Nguyễn Thị ,Tâm | I72: SX
B73: 45853 | C73: Bao vô cây 10 cuộn 555*100 | D73: kg | F73: 5.6 | G73: =+G72+E73-F73 -> 402.2 | H73: Nguyễn Thị ,Tâm | I73: SX
B74: 45854 | C74: Bao vô cây 10 cuộn 555*100 | D74: kg | F74: 10.5 | G74: =+G73+E74-F74 -> 391.7 | H74: Nguyễn Thị ,Tâm | I74: SX
B75: 45855 | C75: Bao vô cây 10 cuộn 555*100 | D75: kg | F75: 2.8 | G75: =+G74+E75-F75 -> 388.9 | H75: Nguyễn Thị ,Tâm | I75: SX
B76: 45856 | C76: Bao vô cây 10 cuộn 555*100 | D76: kg | F76: 7.2 | G76: =+G75+E76-F76 -> 381.7
B77: 45857 | C77: Bao vô cây 10 cuộn 555*100 | D77: kg | F77: 10 | G77: =+G76+E77-F77 -> 371.7
B78: 45873 | C78: Bao vô cây 10 cuộn 555*100 | D78: kg | F78: 10.5 | G78: =+G77+E78-F78 -> 361.2
B79: 45875 | C79: Bao vô cây 10 cuộn 555*100 | D79: kg | F79: 3.2 | G79: =+G78+E79-F79 -> 358
B80: 45880 | C80: Bao vô cây 10 cuộn 555*100 | D80: kg | F80: 6.1 | G80: =+G79+E80-F80 -> 351.9
B81: 45881 | C81: Bao vô cây 10 cuộn 555*100 | D81: kg | F81: 6.8 | G81: =+G80+E81-F81 -> 345.1
B82: 45881 | C82: Bao vô cây 10 cuộn 555*100 | D82: kg | F82: 6.7 | G82: =+G81+E82-F82 -> 338.4
B83: 45884 | C83: Bao vô cây 10 cuộn 555*100 | F83: 7.3 | G83: =+G82+E83-F83 -> 331.1
B84: 45885 | C84: Bao vô cây 10 cuộn 555*100 | D84: kg | F84: 7.7 | G84: =+G82+E84-F84 -> 330.7
B85: 45905 | C85: Bao vô cây 10 cuộn 555*100 | D85: kg | F85: 2 | G85: =+G84+E85-F85 -> 328.7
B86: 45911 | C86: Bao vô cây 10 cuộn 555*100 | D86: kg | F86: 2 | G86: =+G85+E86-F86 -> 326.7 | H86: My đề nghị xuất cho npp đóng lại cây | J86: misa 318kg
B87: 45915 | C87: Bao vô cây 10 cuộn 555*100 | D87: kg | F87: 3.1 | G87: =+G86+E87-F87 -> 323.6
B88: 45916 | C88: Bao vô cây 10 cuộn 555*100 | D88: kg | F88: 9.5 | G88: =+G87+E88-F88 -> 314.1
B89: 45918 | C89: Bao vô cây 10 cuộn 555*100 | D89: kg | F89: 3 | G89: =+G88+E89-F89 -> 311.1
B90: 45919 | C90: Bao vô cây 10 cuộn 555*100 | D90: kg | F90: 4.3 | G90: =+G89+E90-F90 -> 306.8
B91: 45920 | C91: Bao vô cây 10 cuộn 555*100 | D91: kg | F91: 6 | G91: =+G90+E91-F91 -> 300.8
B92: 22//09/2025 | C92: Bao vô cây 10 cuộn 555*100 | D92: kg | F92: 6.5 | G92: =+G91+E92-F92 -> 294.3
B93: 45923 | C93: Bao vô cây 10 cuộn 555*100 | D93: kg | F93: 4.7 | G93: =+G92+E93-F93 -> 289.6
B94: 45926 | C94: Bao vô cây 10 cuộn 555*100 | D94: kg | F94: 3 | G94: =+G93+E94-F94 -> 286.6 | H94: Đóng lại p1
B95: 45932 | C95: Bao vô cây 10 cuộn 555*100 | D95: kg | F95: 5.6 | G95: =+G94+E95-F95 -> 281
B96: 45932 | C96: Bao vô cây 10 cuộn 555*100 | D96: kg | F96: 1 | G96: =+G95+E96-F96 -> 280 | H96: My đề nghị xuất đóng lại cây | I96: Xuất cho kd
B97: 45933 | C97: Bao vô cây 10 cuộn 555*100 | D97: kg | F97: 5.6 | G97: =+G96+E97-F97 -> 274.4
B98: 45934 | C98: Bao vô cây 10 cuộn 555*100 | D98: kg | F98: 4.7 | G98: =+G97+E98-F98 -> 269.7
B99: 45936 | C99: Bao vô cây 10 cuộn 555*100 | D99: kg | F99: 6.8 | G99: =+G98+E99-F99 -> 262.9
B100: 45937 | C100: Bao vô cây 10 cuộn 555*100 | D100: kg | F100: 7.1 | G100: =+G99+E100-F100 -> 255.8
B101: 45940 | C101: Bao vô cây 10 cuộn 555*100 | D101: kg | F101: 4.6 | G101: =+G100+E101-F101 -> 251.2
C102: Bao vô cây 10 cuộn 555*100 | D102: kg | G102: =+G101+E102-F102 -> 251.2
C103: Bao vô cây 10 cuộn 555*100 | D103: kg | G103: =+G102+E103-F103 -> 251.2
C104: Bao vô cây 10 cuộn 555*100 | D104: kg | G104: =+G103+E104-F104 -> 251.2
C105: Bao vô cây 10 cuộn 555*100 | D105: kg | G105: =+G104+E105-F105 -> 251.2
C106: Bao vô cây 10 cuộn 555*100 | D106: kg | G106: =+G105+E106-F106 -> 251.2
C107: Bao vô cây 10 cuộn 555*100 | D107: kg | G107: =+G106+E107-F107 -> 251.2
C108: Bao vô cây 10 cuộn 555*100 | D108: kg | G108: =+G107+E108-F108 -> 251.2
C109: Bao vô cây 10 cuộn 555*100 | D109: kg | G109: =+G108+E109-F109 -> 251.2
...

Sheet Bao vô cây NK 24 TL
A1: Cty TNHH Đông Á
A2: Thôn Mộc Ty, xã Trưng Trắc, huyện Văn Lâm, tỉnh Hưng Yên
A4: =+'[1]Hộp oto'!A4:I5 -> THẺ KHO NGUYÊN VẬT LIỆU
A7: STT | B7: Ngày tháng | C7: Tên nguyên vật liệu | D7: ĐVT | E7: Số lượng nhập | F7: Số lượng xuất | G7: Tồn | H7: Người nhận | I7: Ghi chú
B8: 45658 | C8: Tồn đầu kỳ | D8: kg
B9: 45852 | C9: Bao vô cây 10 cuộn 46,5*110*18,2 | D9: kg | E9: 57 | F9: 7 | G9: =+G8+E9-F9 -> 50 | H9: Nguyễn Thị Thanh Tâm | I9: sx
B10: 45854 | C10: Bao vô cây 10 cuộn 46,5*110*18,2 | D10: kg | F10: 2 | G10: =+G9+E10-F10 -> 48
B11: 45855 | C11: Bao vô cây 10 cuộn 46,5*110*18,2 | D11: kg | F11: 2.2 | G11: =+G10+E11-F11 -> 45.8
B12: 45856 | C12: Bao vô cây 10 cuộn 46,5*110*18,2 | D12: kg | F12: 10 | G12: =+G11+E12-F12 -> 35.8
C13: Bao vô cây 10 cuộn 46,5*110*18,2 | D13: kg | G13: =+G12+E13-F13 -> 35.8
C14: Bao vô cây 10 cuộn 46,5*110*18,2 | D14: kg | G14: =+G13+E14-F14 -> 35.8 | H14: Nguyễn Thị Liên | I14: SX
C15: Bao vô cây 10 cuộn 46,5*110*18,2 | D15: kg | G15: =+G14+E15-F15 -> 35.8
C16: Bao vô cây 10 cuộn 46,5*110*18,2 | D16: kg | G16: =+G15+E16-F16 -> 35.8
C17: Bao vô cây 10 cuộn 46,5*110*18,2 | D17: kg | G17: =+G16+E17-F17 -> 35.8
C18: Bao vô cây 10 cuộn 46,5*110*18,2 | D18: kg | G18: =+G17+E18-F18 -> 35.8
C19: Bao vô cây 10 cuộn 46,5*110*18,2 | D19: kg | G19: =+G18+E19-F19 -> 35.8
C20: Bao vô cây 10 cuộn 46,5*110*18,2 | D20: kg | G20: =+G19+E20-F20 -> 35.8
C21: Bao vô cây 10 cuộn 46,5*110*18,2 | D21: kg | G21: =+G20+E21-F21 -> 35.8
C22: Bao vô cây 10 cuộn 46,5*110*18,2 | D22: kg | G22: =+G21+E22-F22 -> 35.8 | N22: =4*16+12 -> 76
C23: Bao vô cây 10 cuộn 46,5*110*18,2 | D23: kg | G23: =+G22+E23-F23 -> 35.8 | N23: =+N22*12 -> 912
C24: Bao vô cây 10 cuộn 46,5*110*18,2 | D24: kg | G24: =+G23+E24-F24 -> 35.8 | N24: =+N23*12 -> 10944
C25: Bao vô cây 10 cuộn 46,5*110*18,2 | D25: kg | G25: =+G24+E25-F25 -> 35.8 | N25: =+N24*89 -> 974016
C26: Bao vô cây 10 cuộn 46,5*110*18,2 | D26: kg | G26: =+G25+E26-F26 -> 35.8 | N26: =+N25/2848 -> 342
C27: Bao vô cây 10 cuộn 46,5*110*18,2 | D27: kg | G27: =+G26+E27-F27 -> 35.8
C28: Bao vô cây 10 cuộn 46,5*110*18,2 | D28: kg | G28: =+G27+E28-F28 -> 35.8
C29: Bao vô cây 10 cuộn 46,5*110*18,2 | D29: kg | G29: =+G28+E29-F29 -> 35.8
C30: Bao vô cây 10 cuộn 46,5*110*18,2 | D30: kg | G30: =+G29+E30-F30 -> 35.8
C31: Bao vô cây 10 cuộn 46,5*110*18,2 | D31: kg | G31: =+G30+E31-F31 -> 35.8
C32: Bao vô cây 10 cuộn 46,5*110*18,2 | D32: kg | G32: =+G31+E32-F32 -> 35.8
C33: Bao vô cây 10 cuộn 46,5*110*18,2 | D33: kg | G33: =+G32+E33-F33 -> 35.8
C34: Bao vô cây 10 cuộn 46,5*110*18,2 | D34: kg | G34: =+G33+E34-F34 -> 35.8
C35: Bao vô cây 10 cuộn 46,5*110*18,2 | D35: kg | G35: =+G34+E35-F35 -> 35.8
C36: Bao vô cây 10 cuộn 46,5*110*18,2 | D36: kg | G36: =+G35+E36-F36 -> 35.8
C37: Bao vô cây 10 cuộn 46,5*110*18,2 | D37: kg | G37: =+G36+E37-F37 -> 35.8
C38: Bao vô cây 10 cuộn 46,5*110*18,2 | D38: kg | G38: =+G37+E38-F38 -> 35.8
... C40: Bao vô cây 10 cuộn 46,5*110*18,2 | D40: kg | G40: =+G39+E40-F40 -> 35.8
C41: Bao vô cây 10 cuộn 46,5*110*18,2 | D41: kg | G41: =+G40+E41-F41 -> 35.8 | I41: DN
C42: Bao vô cây 10 cuộn 46,5*110*18,2 | D42: kg | G42: =+G41+E42-F42 -> 35.8
C43: Bao vô cây 10 cuộn 46,5*110*18,2 | D43: kg | G43: =+G42+E43-F43 -> 35.8
C44: Bao vô cây 10 cuộn 46,5*110*18,2 | D44: kg | G44: =+G43+E44-F44 -> 35.8
C45: Bao vô cây 10 cuộn 46,5*110*18,2 | D45: kg | G45: =+G44+E45-F45 -> 35.8
C46: Bao vô cây 10 cuộn 46,5*110*18,2 | D46: kg | G46: =+G45+E46-F46 -> 35.8
C47: Bao vô cây 10 cuộn 46,5*110*18,2 | D47: kg | G47: =+G46+E47-F47 -> 35.8
C48: Bao vô cây 10 cuộn 46,5*110*18,2 | D48: kg | G48: =+G47+E48-F48 -> 35.8
C49: Bao vô cây 10 cuộn 46,5*110*18,2 | D49: kg | G49: =+G48+E49-F49 -> 35.8
C50: Bao vô cây 10 cuộn 46,5*110*18,2 | D50: kg | G50: =+G49+E50-F50 -> 35.8
C51: Bao vô cây 10 cuộn 46,5*110*18,2 | D51: kg | G51: =+G50+E51-F51 -> 35.8
C52: Bao vô cây 10 cuộn 46,5*110*18,2 | D52: kg | G52: =+G51+E52-F52 -> 35.8
C53: Bao vô cây 10 cuộn 46,5*110*18,2 | D53: kg | G53: =+G52+E53-F53 -> 35.8
... C59: Bao vô cây 10 cuộn 46,5*110*18,2 | D59: kg | G59: =+G58+E59-F59 -> 35.8
C60: Bao vô cây 10 cuộn 46,5*110*18,2 | D60: kg | G60: =+G59+E60-F60 -> 35.8 | I60: Đóng shera 70 g + nk cân
C61: Bao vô cây 10 cuộn 46,5*110*18,2 | D61: kg | G61: =+G60+E61-F61 -> 35.8
C62: Bao vô cây 10 cuộn 46,5*110*18,2 | D62: kg | G62: =+G61+E62-F62 -> 35.8
C63: Bao vô cây 10 cuộn 46,5*110*18,2 | D63: kg | G63: =+G62+E63-F63 -> 35.8
C64: Bao vô cây 10 cuộn 46,5*110*18,2 | D64: kg | G64: =+G63+E64-F64 -> 35.8
C65: Bao vô cây 10 cuộn 46,5*110*18,2 | D65: kg | G65: =+G64+E65-F65 -> 35.8
C66: Bao vô cây 10 cuộn 46,5*110*18,2 | D66: kg | G66: =+G65+E66-F66 -> 35.8
C67: Bao vô cây 10 cuộn 46,5*110*18,2 | D67: kg | G67: =+G66+E67-F67 -> 35.8
C68: Bao vô cây 10 cuộn 46,5*110*18,2 | D68: kg | G68: =+G67+E68-F68 -> 35.8
C69: Bao vô cây 10 cuộn 46,5*110*18,2 | D69: kg | G69: =+G68+E69-F69 -> 35.8
C70: Bao vô cây 10 cuộn 46,5*110*18,2 | D70: kg | G70: =+G69+E70-F70 -> 35.8 | H70: Nguyễn Thị ,Tâm | I70: SX
C71: Bao vô cây 10 cuộn 46,5*110*18,2 | D71: kg | G71: =+G70+E71-F71 -> 35.8 | H71: Nguyễn Thị ,Tâm | I71: SX
C72: Bao vô cây 10 cuộn 46,5*110*18,2 | D72: kg | G72: =+G71+E72-F72 -> 35.8 | H72: Nguyễn Thị ,Tâm | I72: SX
C73: Bao vô cây 10 cuộn 46,5*110*18,2 | D73: kg | G73: =+G72+E73-F73 -> 35.8 | H73: Nguyễn Thị ,Tâm | I73: SX
C74: Bao vô cây 10 cuộn 46,5*110*18,2 | D74: kg | G74: =+G73+E74-F74 -> 35.8 | H74: Nguyễn Thị ,Tâm | I74: SX
C75: Bao vô cây 10 cuộn 46,5*110*18,2 | D75: kg | G75: =+G74+E75-F75 -> 35.8 | H75: Nguyễn Thị ,Tâm | I75: SX
C76: Bao vô cây 10 cuộn 46,5*110*18,2 | D76: kg | G76: =+G75+E76-F76 -> 35.8
C77: Bao vô cây 10 cuộn 46,5*110*18,2 | D77: kg | G77: =+G76+E77-F77 -> 35.8
C78: Bao vô cây 10 cuộn 46,5*110*18,2 | D78: kg | G78: =+G77+E78-F78 -> 35.8
C79: Bao vô cây 10 cuộn 46,5*110*18,2 | D79: kg | G79: =+G78+E79-F79 -> 35.8
C80: Bao vô cây 10 cuộn 46,5*110*18,2 | D80: kg | G80: =+G79+E80-F80 -> 35.8
C81: Bao vô cây 10 cuộn 46,5*110*18,2 | D81: kg | G81: =+G80+E81-F81 -> 35.8
C82: Bao vô cây 10 cuộn 46,5*110*18,2 | D82: kg | G82: =+G81+E82-F82 -> 35.8
C83: Bao vô cây 10 cuộn 46,5*110*18,2 | D83: kg | G83: =+G82+E83-F83 -> 35.8
C84: Bao vô cây 10 cuộn 46,5*110*18,2 | D84: kg | G84: =+G83+E84-F84 -> 35.8
C85: Bao vô cây 10 cuộn 46,5*110*18,2 | D85: kg | G85: =+G84+E85-F85 -> 35.8
C86: Bao vô cây 10 cuộn 46,5*110*18,2 | D86: kg | G86: =+G85+E86-F86 -> 35.8
C87: Bao vô cây 10 cuộn 46,5*110*18,2 | D87: kg | G87: =+G86+E87-F87 -> 35.8
... C150: Bao vô cây 10 cuộn 46,5*110*18,2 | D150: kg | G150: =+G149+E150-F150 -> 35.8
D151: kg | G151: =+G150+E151-F151 -> 35.8
D152: kg | G152: =+G151+E152-F152 -> 35.8
D153: kg | G153: =+G152+E153-F153 -> 35.8
C154: Tổng cộng | E154: =SUM(E9:E153) -> 57 | F154: =SUM(F9:F153) -> 21.2 | G154: =E154-F154+G8 -> 35.8

Sheet Bao Trắng GVS 10 cuộn có lõi
A1: Cty TNHH Đông Á
A2: Thôn Mộc Ty, xã Trưng Trắc, huyện Văn Lâm, tỉnh Hưng Yên
A4: =+'[1]Hộp oto'!A4:I5 -> THẺ KHO NGUYÊN VẬT LIỆU
A7: STT | B7: Ngày tháng | C7: Tên nguyên vật liệu | D7: ĐVT | E7: Số lượng nhập | F7: Số lượng xuất | G7: Tồn | H7: Người nhận | I7: Ghi chú
B8: 45658 | C8: Tồn đầu kỳ | D8: kg
B9: 45773 | C9: Bao trắng giấy vệ sinh 10 cuộn có lõi (20*72*5) | E9: 73 | G9: =+G8+E9-F9 -> 73 | H9: Nguyễn Thị Thanh Tâm | I9: sx
B10: 45786 | F10: 7 | G10: =+G9+E10-F10 -> 66
B11: 45787 | F11: 3.6 | G11: =+G10+E11-F11 -> 62.4
B12: 45839 | F12: 8.6 | G12: =+G11+E12-F12 -> 53.8
B13: 45840 | F13: 13.3 | G13: =+G12+E13-F13 -> 40.5
B14: 45938 | F14: 14.5 | G14: =+G13+E14-F14 -> 26 | H14: Nguyễn Thị Liên | I14: SX
B15: 45940 | F15: 2 | G15: =+G14+E15-F15 -> 24 | I15: đóng phế 1
G16: =+G15+E16-F16 -> 24
G17: =+G16+E17-F17 -> 24
G18: =+G17+E18-F18 -> 24
G19: =+G18+E19-F19 -> 24
G20: =+G19+E20-F20 -> 24
G21: =+G20+E21-F21 -> 24
G22: =+G21+E22-F22 -> 24 | N22: =4*16+12 -> 76
G23: =+G22+E23-F23 -> 24 | N23: =+N22*12 -> 912
G24: =+G23+E24-F24 -> 24 | N24: =+N23*12 -> 10944
G25: =+G24+E25-F25 -> 24 | N25: =+N24*89 -> 974016
G26: =+G25+E26-F26 -> 24 | N26: =+N25/2848 -> 342
G27: =+G26+E27-F27 -> 24
G28: =+G27+E28-F28 -> 24
G29: =+G28+E29-F29 -> 24
G30: =+G29+E30-F30 -> 24
G31: =+G30+E31-F31 -> 24
G32: =+G31+E32-F32 -> 24
G33: =+G32+E33-F33 -> 24
G34: =+G33+E34-F34 -> 24
G35: =+G34+E35-F35 -> 24
G36: =+G35+E36-F36 -> 24
G37: =+G36+E37-F37 -> 24
G38: =+G37+E38-F38 -> 24
... G40: =+G39+E40-F40 -> 24
G41: =+G40+E41-F41 -> 24 | I41: DN
G42: =+G41+E42-F42 -> 24
G43: =+G42+E43-F43 -> 24
G44: =+G43+E44-F44 -> 24
G45: =+G44+E45-F45 -> 24
G46: =+G45+E46-F46 -> 24
G47: =+G46+E47-F47 -> 24
G48: =+G47+E48-F48 -> 24
G49: =+G48+E49-F49 -> 24
G50: =+G49+E50-F50 -> 24
G51: =+G50+E51-F51 -> 24
G52: =+G51+E52-F52 -> 24
G53: =+G52+E53-F53 -> 24
... G69: =+G68+E69-F69 -> 24
G70: =+G69+E70-F70 -> 24 | H70: Nguyễn Thị ,Tâm | I70: SX
G71: =+G70+E71-F71 -> 24 | H71: Nguyễn Thị ,Tâm | I71: SX
G72: =+G71+E72-F72 -> 24 | H72: Nguyễn Thị ,Tâm | I72: SX
G73: =+G72+E73-F73 -> 24 | H73: Nguyễn Thị ,Tâm | I73: SX
G74: =+G73+E74-F74 -> 24 | H74: Nguyễn Thị ,Tâm | I74: SX
G75: =+G74+E75-F75 -> 24 | H75: Nguyễn Thị ,Tâm | I75: SX
G76: =+G75+E76-F76 -> 24
G77: =+G76+E77-F77 -> 24
G78: =+G77+E78-F78 -> 24
G79: =+G78+E79-F79 -> 24
G80: =+G79+E80-F80 -> 24
G81: =+G80+E81-F81 -> 24
G82: =+G81+E82-F82 -> 24
G83: =+G82+E83-F83 -> 24
G84: =+G83+E84-F84 -> 24
G85: =+G84+E85-F85 -> 24
G86: =+G85+E86-F86 -> 24
G87: =+G86+E87-F87 -> 24
... G147: =+G146+E147-F147 -> 24
C148: Bao vô cây 10 cuộn 555*100 | D148: kg | G148: =+G147+E148-F148 -> 24
D149: kg | G149: =+G148+E149-F149 -> 24
D150: kg | G150: =+G149+E150-F150 -> 24
D151: kg | G151: =+G150+E151-F151 -> 24
D152: kg | G152: =+G151+E152-F152 -> 24
D153: kg | G153: =+G152+E153-F153 -> 24
C154: Tổng cộng | E154: =SUM(E9:E153) -> 73 | F154: =SUM(F9:F153) -> 49 | G154: =E154-F154+G8 -> 24

Sheet Bao Trắng 120
A1: Công ty TNHH Giấy Đông Á
A2: Thôn Mộc Ty, xã Trưng Trắc, huyện Văn Lâm, tỉnh Hưng Yên
A4: THẺ KHO NGUYÊN VẬT LIỆU
A8: STT | B8: Ngày tháng | C8: Tên nguyên vật liệu | D8: ĐVT | E8: Số lượng nhập | F8: Số lượng xuất | G8: Tồn | H8: Người nhận | I8: Ghi chú
B9: 45658 | C9: Tồn đầu kỳ | G9: 189.1 | J9: =497+10 -> 507
A10: 1 | B10: 45664 | C10: Túi nilong trắng đựng hộp 120 vuông | D10: kg | F10: 4.5 | G10: =+G9+E10-F10 -> 184.6 | H10: Nguyễn Thị Thanh Tâm | I10: SX
A11: =+A10+1 -> 2 | B11: 45665 | C11: Túi nilong trắng đựng hộp 120 vuông | D11: kg | F11: 4.6 | G11: =+G10+E11-F11 -> 180 | H11: Nguyễn Thị Thanh Tâm | I11: SX
A12: =+A11+1 -> 3 | B12: 45666 | C12: Túi nilong trắng đựng hộp 120 vuông | D12: kg | F12: 4.1 | G12: =+G11+E12-F12 -> 175.9 | H12: Nguyễn Thị Thanh Tâm | I12: SX
A13: =+A12+1 -> 4 | B13: 45667 | C13: Túi nilong trắng đựng hộp 120 vuông | D13: kg | F13: 4.3 | G13: =+G12+E13-F13 -> 171.6 | H13: Nguyễn Thị Thanh Tâm | I13: SX
A14: =+A13+1 -> 5 | B14: 45668 | C14: Túi nilong trắng đựng hộp 120 vuông | D14: kg | F14: 5.5 | G14: =+G13+E14-F14 -> 166.1 | H14: Nguyễn Thị Thanh Tâm | I14: SX
A15: =+A14+1 -> 6 | B15: 45695 | C15: Túi nilong trắng đựng hộp 120 vuông | D15: kg | F15: 2.8 | G15: =+G14+E15-F15 -> 163.3 | H15: Nguyễn Thị Thanh Tâm | I15: SX
B16: 45696 | C16: Túi nilong trắng đựng hộp 120 vuông | D16: kg | F16: 4.9 | G16: =+G15+E16-F16 -> 158.4 | H16: Nguyễn Thị Thanh Tâm | I16: SX
A17: =+A15+1 -> 7 | B17: 45698 | C17: Túi nilong trắng đựng hộp 120 vuông | D17: kg | F17: 6.5 | G17: =+G16+E17-F17 -> 151.9 | H17: Nguyễn Thị Thanh Tâm | I17: SX
A18: =+A17+1 -> 8 | B18: 45699 | C18: Túi nilong trắng đựng hộp 120 vuông | D18: kg | F18: 5.8 | G18: =+G17+E18-F18 -> 146.1 | H18: Nguyễn Thị Thanh Tâm | I18: SX
A19: =+A18+1 -> 9 | B19: 45700 | C19: Túi nilong trắng đựng hộp 120 vuông | D19: kg | F19: 6.1 | G19: =+G18+E19-F19 -> 140 | H19: Nguyễn Thị Thanh Tâm | I19: SX
A20: =+A19+1 -> 10 | B20: 45757 | C20: Túi nilong trắng đựng hộp 120 vuông | D20: kg | F20: 5.3 | G20: =+G19+E20-F20 -> 134.7 | H20: Nguyễn Thị Thanh Tâm | I20: SX
A21: =+A20+1 -> 11 | B21: 45758 | C21: Túi nilong trắng đựng hộp 120 vuông | D21: kg | F21: 5.7 | G21: =+G20+E21-F21 -> 129 | H21: Nguyễn Thị Thanh Tâm | I21: SX
A22: =+A21+1 -> 12 | B22: 45759 | C22: Túi nilong trắng đựng hộp 120 vuông | D22: kg | F22: 4.3 | G22: =+G21+E22-F22 -> 124.7 | H22: Nguyễn Thị Thanh Tâm | I22: SX
A23: =+A22+1 -> 13 | B23: 45762 | C23: Túi nilong trắng đựng hộp 120 vuông | D23: kg | F23: 3 | G23: =+G22+E23-F23 -> 121.7 | H23: Nguyễn Thị Thanh Tâm | I23: SX
A24: =+A23+1 -> 14 | B24: 45763 | C24: Túi nilong trắng đựng hộp 120 vuông | D24: kg | F24: 1 | G24: =+G23+E24-F24 -> 120.7 | H24: Nguyễn Thị Thanh Tâm | I24: SX
A25: =+A24+1 -> 15 | B25: 45764 | C25: Túi nilong trắng đựng hộp 120 vuông | D25: kg | F25: 3.9 | G25: =+G24+E25-F25 -> 116.8 | H25: Nguyễn Thị Thanh Tâm | I25: SX
A26: =+A25+1 -> 16 | B26: 45772 | C26: Túi nilong trắng đựng hộp 120 vuông | D26: kg | F26: 1.9 | G26: =+G25+E26-F26 -> 114.9 | H26: Nguyễn Thị Thanh Tâm | I26: SX
A27: =+A26+1 -> 17 | B27: 45775 | C27: Túi nilong trắng đựng hộp 120 vuông | D27: kg | F27: 2.8 | G27: =+G26+E27-F27 -> 112.1 | H27: Nguyễn Thị Thanh Tâm | I27: SX
A28: =+A27+1 -> 18 | B28: 45776 | C28: Túi nilong trắng đựng hộp 120 vuông | D28: kg | F28: 2.4 | G28: =+G27+E28-F28 -> 109.7
A29: =+A28+1 -> 19 | B29: 45805 | C29: Túi nilong trắng đựng hộp 120 vuông | D29: kg | F29: 7 | G29: =+G28+E29-F29 -> 102.7 | H29: Nguyễn Thị Thanh Tâm | I29: SX
A30: =+A29+1 -> 20 | B30: 45806 | C30: Túi nilong trắng đựng hộp 120 vuông | D30: kg | F30: 4.6 | G30: =+G29+E30-F30 -> 98.1 | H30: Nguyễn Thị Thanh Tâm | I30: SX
A31: =+A30+1 -> 21 | B31: 45807 | C31: Túi nilong trắng đựng hộp 120 vuông | D31: kg | F31: 6.1 | G31: =+G30+E31-F31 -> 92 | H31: Nguyễn Thị Thanh Tâm | I31: SX
A32: =+A31+1 -> 22 | B32: 45809 | C32: Túi nilong trắng đựng hộp 120 vuông | D32: kg | F32: 9.5 | G32: =+G31+E32-F32 -> 82.5 | H32: Nguyễn Thị Thanh Tâm | I32: SX | M32: =766+602.4+814+781+776+618.8 -> 4358.2
A33: =+A32+1 -> 23 | B33: 45939 | C33: Túi nilong trắng đựng hộp 120 vuông | D33: kg | F33: 5.6 | G33: =+G32+E33-F33 -> 76.9 | H33: Nguyễn Thị Thanh Tâm | I33: SX
A34: =+A33+1 -> 24 | B34: 45940 | C34: Túi nilong trắng đựng hộp 120 vuông | D34: kg | F34: 11 | G34: =+G33+E34-F34 -> 65.9 | H34: Nguyễn Thị Thanh Tâm | I34: SX
A35: =+A34+1 -> 25 | C35: Túi nilong trắng đựng hộp 120 vuông | D35: kg | G35: =+G34+E35-F35 -> 65.9 | H35: Nguyễn Thị Thanh Tâm
A36: =+A35+1 -> 26 | C36: Túi nilong trắng đựng hộp 120 vuông | D36: kg | G36: =+G35+E36-F36 -> 65.9 | H36: Liên | I36: SX
A37: =+A36+1 -> 27 | C37: Túi nilong trắng đựng hộp 120 vuông | D37: kg | G37: =+G36+E37-F37 -> 65.9 | H37: Nguyễn Thị Thanh Tâm | I37: SX
A38: =+A37+1 -> 28 | C38: Túi nilong trắng đựng hộp 120 vuông | D38: kg | G38: =+G37+E38-F38 -> 65.9 | H38: Nguyễn Thị Thanh Tâm | I38: SX
A39: =+A38+1 -> 29 | C39: Túi nilong trắng đựng hộp 120 vuông | D39: kg | G39: =+G38+E39-F39 -> 65.9 | H39: Nguyễn Thị Thanh Tâm | I39: SX
A40: =+A39+1 -> 30 | C40: Túi nilong trắng đựng hộp 120 vuông | D40: kg | G40: =+G39+E40-F40 -> 65.9 | H40: Nguyễn thị Liên | I40: SX
A41: =+A40+1 -> 31 | C41: Túi nilong trắng đựng hộp 120 vuông | D41: kg | G41: =+G40+E41-F41 -> 65.9 | H41: Nguyễn thị Liên | I41: SX
A42: =+A41+1 -> 32 | C42: Túi nilong trắng đựng hộp 120 vuông | D42: kg | G42: =+G41+E42-F42 -> 65.9 | H42: Nguyễn thị Liên | I42: SX
A43: =+A42+1 -> 33 | C43: Túi nilong trắng đựng hộp 120 vuông | D43: kg | G43: =+G42+E43-F43 -> 65.9 | H43: Nguyễn Thị Thanh Tâm | I43: SX
A44: =+A43+1 -> 34 | C44: Túi nilong trắng đựng hộp 120 vuông | D44: kg | G44: =+G43+E44-F44 -> 65.9 | H44: Nguyễn Thị Thanh Tâm | I44: SX
A45: =+A44+1 -> 35 | C45: Túi nilong trắng đựng hộp 120 vuông | D45: kg | G45: =+G44+E45-F45 -> 65.9 | H45: Nguyễn Thị Thanh Tâm | I45: SX
A46: =+A45+1 -> 36 | C46: Túi nilong trắng đựng hộp 120 vuông | D46: kg | G46: =+G45+E46-F46 -> 65.9 | H46: Nguyễn Thị Thanh Tâm | I46: SX
A47: =+A46+1 -> 37 | C47: Túi nilong trắng đựng hộp 120 vuông | D47: kg | G47: =+G46+E47-F47 -> 65.9 | H47: Nguyễn Thị Thanh Tâm | I47: SX
... A61: =+A60+1 -> 51 | C61: Túi nilong trắng đựng hộp 120 vuông | D61: kg | G61: =+G60+E61-F61 -> 65.9 | H61: Nguyễn Thị Thanh Tâm | I61: SX
A62: =+A61+1 -> 52 | C62: Túi nilong trắng đựng hộp 120 vuông | D62: kg | G62: =+G61+E62-F62 -> 65.9 | H62: Nguyễn Thị Thanh Tâm | I62: SX | N62: =260-46 -> 214
A63: =+A62+1 -> 53 | C63: Túi nilong trắng đựng hộp 120 vuông | D63: kg | G63: =+G62+E63-F63 -> 65.9 | H63: Nguyễn Thị Thanh Tâm | I63: SX
A64: =+A63+1 -> 54 | C64: Túi nilong trắng đựng hộp 120 vuông | D64: kg | G64: =+G63+E64-F64 -> 65.9 | H64: Nguyễn Thị Thanh Tâm | I64: SX
A65: =+A64+1 -> 55 | C65: Túi nilong trắng đựng hộp 120 vuông | D65: kg | G65: =+G64+E65-F65 -> 65.9
A66: =+A65+1 -> 56 | C66: Túi nilong trắng đựng hộp 120 vuông | D66: kg | G66: =+G65+E66-F66 -> 65.9
A67: =+A66+1 -> 57 | C67: Túi nilong trắng đựng hộp 120 vuông | D67: kg | G67: =+G66+E67-F67 -> 65.9
A68: =+A67+1 -> 58 | C68: Túi nilong trắng đựng hộp 120 vuông | D68: kg | G68: =+G67+E68-F68 -> 65.9
A69: =+A68+1 -> 59 | C69: Túi nilong trắng đựng hộp 120 vuông | D69: kg | G69: =+G68+E69-F69 -> 65.9
A70: =+A69+1 -> 60 | C70: Túi nilong trắng đựng hộp 120 vuông | D70: kg | G70: =+G69+E70-F70 -> 65.9
A71: =+A70+1 -> 61 | C71: Túi nilong trắng đựng hộp 120 vuông | D71: kg | G71: =+G70+E71-F71 -> 65.9
A72: =+A71+1 -> 62 | C72: Túi nilong trắng đựng hộp 120 vuông | D72: kg | G72: =+G71+E72-F72 -> 65.9
A73: =+A72+1 -> 63 | C73: Túi nilong trắng đựng hộp 120 vuông | D73: kg | G73: =+G72+E73-F73 -> 65.9
A74: =+A73+1 -> 64 | C74: Túi nilong trắng đựng hộp 120 vuông | D74: kg | G74: =+G73+E74-F74 -> 65.9
A75: =+A74+1 -> 65 | C75: Túi nilong trắng đựng hộp 120 vuông | D75: kg | G75: =+G74+E75-F75 -> 65.9
A76: =+A75+1 -> 66 | C76: Túi nilong trắng đựng hộp 120 vuông | D76: kg | G76: =+G75+E76-F76 -> 65.9
... A78: =+A77+1 -> 68 | C78: Túi nilong trắng đựng hộp 120 vuông | D78: kg | G78: =+G77+E78-F78 -> 65.9
C79: Túi nilong trắng đựng hộp 120 vuông | D79: kg | G79: =+G78+E79-F79 -> 65.9
C80: Túi nilong trắng đựng hộp 120 vuông | D80: kg | G80: =+G79+E80-F80 -> 65.9
C81: Túi nilong trắng đựng hộp 120 vuông | D81: kg | G81: =+G80+E81-F81 -> 65.9
C82: Túi nilong trắng đựng hộp 120 vuông | D82: kg | G82: =+G81+E82-F82 -> 65.9
C83: Túi nilong trắng đựng hộp 120 vuông | D83: kg | G83: =+G82+E83-F83 -> 65.9
C84: Túi nilong trắng đựng hộp 120 vuông | D84: kg | G84: =+G83+E84-F84 -> 65.9
C85: Túi nilong trắng đựng hộp 120 vuông | D85: kg | G85: =+G84+E85-F85 -> 65.9
C86: Túi nilong trắng đựng hộp 120 vuông | D86: kg | G86: =+G85+E86-F86 -> 65.9
C87: Túi nilong trắng đựng hộp 120 vuông | D87: kg | G87: =+G86+E87-F87 -> 65.9
A88: =+A78+1 -> 69 | G88: =+G87+E88-F88 -> 65.9
A89: =+A88+1 -> 70 | G89: =+G88+E89-F89 -> 65.9
A90: =+A89+1 -> 71 | G90: =+G89+E90-F90 -> 65.9
C91: Tổng cộng | E91: =SUM(E10:E90) -> 0 | F91: =SUM(F10:F90) -> 123.2 | G91: =+E91-F91+G9 -> 65.9

Sheet Bao trăng 23 cân
A1: Công ty TNHH Giấy Đông Á
A2: Thôn Mộc Ty, xã Trưng Trắc, huyện Văn Lâm, tỉnh Hưng Yên
A4: THẺ KHO NGUYÊN VẬT LIỆU
A8: STT | B8: Ngày tháng | C8: Tên nguyên vật liệu | D8: ĐVT | E8: Số lượng nhập | F8: Số lượng xuất | G8: Tồn | H8: Người nhận | I8: Ghi chú
B9: 45658 | C9: Tồn đầu kỳ | G9: 167.9 | J9: =497+10 -> 507
A10: 1 | B10: 45659 | C10: Bao trăng 23 *23 cân : 44.2*22*5.5*5.5*5 | D10: kg | F10: 0.7 | G10: =+G9+E10-F10 -> 167.2 | H10: Nguyễn Thị Thanh Tâm
A11: =+A10+1 -> 2 | B11: 45660 | C11: Bao trăng 23 *23 cân : 44.2*22*5.5*5.5*5 | D11: kg | F11: 1.6 | G11: =+G10+E11-F11 -> 165.6 | H11: Nguyễn Thị Thanh Tâm | I11: SX
A12: =+A11+1 -> 3 | B12: 45661 | C12: Bao trăng 23 *23 cân : 44.2*22*5.5*5.5*5 | D12: kg | F12: 1.2 | G12: =+G11+E12-F12 -> 164.4 | H12: Nguyễn Thị Thanh Tâm | I12: SX
A13: =+A12+1 -> 4 | B13: 45297 | C13: Bao trăng 23 *23 cân : 44.2*22*5.5*5.5*5 | D13: kg | F13: 0.8 | G13: =+G12+E13-F13 -> 163.6 | H13: Nguyễn Thị Thanh Tâm | I13: SX
A14: =+A13+1 -> 5 | B14: 45664 | C14: Bao trăng 23 *23 cân : 44.2*22*5.5*5.5*5 | D14: kg | F14: 0.7 | G14: =+G13+E14-F14 -> 162.9 | H14: Nguyễn Thị Thanh Tâm | I14: SX | J14: Nhập lại kho cho khớp với kk ngày 28/02/2019
A15: =+A14+1 -> 6 | B15: 45666 | C15: Bao trăng 23 *23 cân : 44.2*22*5.5*5.5*5 | D15: kg | F15: 0.5 | G15: =+G14+E15-F15 -> 162.4 | H15: Nguyễn Thị Thanh Tâm | I15: SX | J15: =+F15+F17 -> 1
B16: 45667 | C16: Bao trăng 23 *23 cân : 44.2*22*5.5*5.5*5 | D16: kg | F16: 1 | G16: =+G15+E16-F16 -> 161.4 | H16: Nguyễn Thị Thanh Tâm | I16: SX
A17: =+A15+1 -> 7 | B17: 45670 | C17: Bao trăng 23 *23 cân : 44.2*22*5.5*5.5*5 | D17: kg | F17: 0.5 | G17: =+G16+E17-F17 -> 160.9 | H17: Nguyễn Thị Liên | I17: SX
A18: =+A17+1 -> 8 | B18: 45678 | C18: Bao trăng 23 *23 cân : 44.2*22*5.5*5.5*5 | D18: kg | F18: 0.4 | G18: =+G17+E18-F18 -> 160.5 | H18: Nguyễn Thị Liên | I18: SX
A19: =+A18+1 -> 9 | B19: 45679 | C19: Bao trăng 23 *23 cân : 44.2*22*5.5*5.5*5 | D19: kg | F19: 0.8 | G19: =+G18+E19-F19 -> 159.7 | H19: Nguyễn Thị Liên | I19: SX
A20: =+A19+1 -> 10 | B20: 45680 | C20: Bao trăng 23 *23 cân : 44.2*22*5.5*5.5*5 | D20: kg | F20: 0.7 | G20: =+G19+E20-F20 -> 159 | H20: Nguyễn Thị Liên | I20: SX
A21: =+A20+1 -> 11 | B21: 45681 | C21: Bao trăng 23 *23 cân : 44.2*22*5.5*5.5*5 | D21: kg | F21: 1.1 | G21: =+G20+E21-F21 -> 157.9 | H21: Nguyễn Thị Liên | I21: SX
A22: =+A21+1 -> 12 | B22: 45695 | C22: Bao trăng 23 *23 cân : 44.2*22*5.5*5.5*5 | D22: kg | F22: 0.8 | G22: =+G21+E22-F22 -> 157.1 | H22: Nguyễn Thị Liên | I22: SX
A23: =+A22+1 -> 13 | B23: 45696 | C23: Bao trăng 23 *23 cân : 44.2*22*5.5*5.5*5 | D23: kg | F23: 0.9 | G23: =+G22+E23-F23 -> 156.2 | H23: Nguyễn Thị Liên | I23: SX
A24: =+A23+1 -> 14 | B24: 45698 | C24: Bao trăng 23 *23 cân : 44.2*22*5.5*5.5*5 | D24: kg | F24: 1.2 | G24: =+G23+E24-F24 -> 155 | H24: Nguyễn Thị Liên | I24: SX
A25: =+A24+1 -> 15 | B25: 45699 | C25: Bao trăng 23 *23 cân : 44.2*22*5.5*5.5*5 | D25: kg | F25: 0.9 | G25: =+G24+E25-F25 -> 154.1 | H25: Nguyễn Thị Liên | I25: SX
A26: =+A25+1 -> 16 | B26: 45701 | C26: Bao trăng 23 *23 cân : 44.2*22*5.5*5.5*5 | D26: kg | F26: 1 | G26: =+G25+E26-F26 -> 153.1 | H26: Nguyễn Thị Liên | I26: SX
A27: =+A26+1 -> 17 | B27: 45702 | C27: Bao trăng 23 *23 cân : 44.2*22*5.5*5.5*5 | D27: kg | F27: 1.1 | G27: =+G26+E27-F27 -> 152 | H27: Nguyễn Thị Liên | I27: SX
A28: =+A27+1 -> 18 | B28: 45703 | C28: Bao trăng 23 *23 cân : 44.2*22*5.5*5.5*5 | D28: kg | F28: 0.7 | G28: =+G27+E28-F28 -> 151.3 | H28: Nguyễn Thị Liên | I28: SX
A29: =+A28+1 -> 19 | B29: 45705 | C29: Bao trăng 23 *23 cân : 44.2*22*5.5*5.5*5 | D29: kg | F29: 0.3 | G29: =+G28+E29-F29 -> 151 | H29: Nguyễn Thị Liên | I29: SX
... A34: =+A33+1 -> 24 | B34: 45713 | C34: Bao trăng 23 *23 cân : 44.2*22*5.5*5.5*5 | D34: kg | F34: 1.2 | G34: =+G33+E34-F34 -> 145.5 | H34: Nguyễn Thị Liên | I34: SX
A35: =+A34+1 -> 25 | B35: 45714 | C35: Bao trăng 23 *23 cân : 44.2*22*5.5*5.5*5 | D35: kg | F35: 0.5 | G35: =+G34+E35-F35 -> 145 | H35: Nguyễn Thị Liên
A36: =+A35+1 -> 26 | B36: 45716 | C36: Bao trăng 23 *23 cân : 44.2*22*5.5*5.5*5 | D36: kg | F36: 1 | G36: =+G35+E36-F36 -> 144 | H36: Liên | I36: SX
A37: =+A36+1 -> 27 | B37: 45717 | C37: Bao trăng 23 *23 cân : 44.2*22*5.5*5.5*5 | D37: kg | F37: 0.9 | G37: =+G36+E37-F37 -> 143.1 | H37: Liên | I37: SX
A38: =+A37+1 -> 28 | B38: 45719 | C38: Bao trăng 23 *23 cân : 44.2*22*5.5*5.5*5 | D38: kg | E38: 0.8 | F38: 1 | G38: =+G37+E38-F38 -> 142.9 | H38: Liên | I38: SX
A39: =+A38+1 -> 29 | B39: 45720 | C39: Bao trăng 23 *23 cân : 44.2*22*5.5*5.5*5 | D39: kg | F39: 0.1 | G39: =+G38+E39-F39 -> 142.8 | H39: Liên | I39: SX
A40: =+A39+1 -> 30 | B40: 45724 | C40: Bao trăng 23 *23 cân : 44.2*22*5.5*5.5*5 | D40: kg | F40: 0.9 | G40: =+G39+E40-F40 -> 141.9 | H40: Nguyễn Thị Thanh Tâm | I40: SX
A41: =+A40+1 -> 31 | B41: 45726 | C41: Bao trăng 23 *23 cân : 44.2*22*5.5*5.5*5 | D41: kg | F41: 1.1 | G41: =+G40+E41-F41 -> 140.8 | H41: Nguyễn Thị Thanh Tâm | I41: SX
A42: =+A41+1 -> 32 | B42: 45728 | C42: Bao trăng 23 *23 cân : 44.2*22*5.5*5.5*5 | D42: kg | F42: 0.1 | G42: =+G41+E42-F42 -> 140.7 | H42: Nguyễn Thị Thanh Tâm | I42: SX
A43: =+A42+1 -> 33 | B43: 45733 | C43: Bao trăng 23 *23 cân : 44.2*22*5.5*5.5*5 | D43: kg | F43: 2.6 | G43: =+G42+E43-F43 -> 138.1 | H43: Nguyễn Thị Thanh Tâm | I43: SX
A44: =+A43+1 -> 34 | B44: 45735 | C44: Bao trăng 23 *23 cân : 44.2*22*5.5*5.5*5 | D44: kg | F44: 0.6 | G44: =+G43+E44-F44 -> 137.5 | H44: Nguyễn Thị Thanh Tâm | I44: SX
A45: =+A44+1 -> 35 | B45: 45741 | C45: Bao trăng 23 *23 cân : 44.2*22*5.5*5.5*5 | D45: kg | F45: 1.7 | G45: =+G44+E45-F45 -> 135.8 | H45: Nguyễn Thị Thanh Tâm | I45: SX
A46: =+A45+1 -> 36 | B46: 45742 | C46: Bao trăng 23 *23 cân : 44.2*22*5.5*5.5*5 | D46: kg | F46: 1.5 | G46: =+G45+E46-F46 -> 134.3 | H46: Nguyễn Thị Thanh Tâm | I46: SX
A47: =+A46+1 -> 37 | B47: 45743 | C47: Bao trăng 23 *23 cân : 44.2*22*5.5*5.5*5 | D47: kg | F47: 1.4 | G47: =+G46+E47-F47 -> 132.9 | H47: Nguyễn Thị Thanh Tâm | I47: SX
A48: =+A47+1 -> 38 | B48: 45013 | C48: Bao trăng 23 *23 cân : 44.2*22*5.5*5.5*5 | D48: kg | F48: 4.3 | G48: =+G47+E48-F48 -> 128.6 | H48: Nguyễn Thị Thanh Tâm | I48: SX
A49: =+A48+1 -> 39 | B49: 45747 | C49: Bao trăng 23 *23 cân : 44.2*22*5.5*5.5*5 | D49: kg | F49: 1.5 | G49: =+G48+E49-F49 -> 127.1 | H49: Nguyễn Thị Thanh Tâm | I49: SX
A50: =+A49+1 -> 40 | B50: 45748 | C50: Bao trăng 23 *23 cân : 44.2*22*5.5*5.5*5 | D50: kg | F50: 1.4 | G50: =+G49+E50-F50 -> 125.7 | H50: Nguyễn Thị Thanh Tâm | I50: SX
... A57: =+A56+1 -> 47 | B57: 45763 | C57: Bao trăng 23 *23 cân : 44.2*22*5.5*5.5*5 | D57: kg | F57: 0.4 | G57: =+G56+E57-F57 -> 118.5 | H57: Nguyễn Thị Thanh Tâm | I57: SX
A58: =+A57+1 -> 48 | B58: 45766 | C58: Bao trăng 23 *23 cân : 44.2*22*5.5*5.5*5 | F58: 1.2 | G58: =+G57+E58-F58 -> 117.3
A59: =+A58+1 -> 49 | B59: 45768 | C59: Bao trăng 23 *23 cân : 44.2*22*5.5*5.5*5 | D59: kg | F59: 1.8 | G59: =+G58+E59-F59 -> 115.5 | H59: Nguyễn Thị Thanh Tâm | I59: SX
A60: =+A59+1 -> 50 | B60: 45772 | C60: Bao trăng 23 *23 cân : 44.2*22*5.5*5.5*5 | D60: kg | F60: 0.4 | G60: =+G59+E60-F60 -> 115.1 | H60: Nguyễn Thị Thanh Tâm | I60: SX
A61: =+A60+1 -> 51 | B61: 45773 | C61: Bao trăng 23 *23 cân : 44.2*22*5.5*5.5*5 | D61: kg | F61: 1.5 | G61: =+G60+E61-F61 -> 113.6 | H61: Nguyễn Thị Thanh Tâm | I61: SX
A62: =+A61+1 -> 52 | B62: 45774 | C62: Bao trăng 23 *23 cân : 44.2*22*5.5*5.5*5 | D62: kg | F62: 1 | G62: =+G61+E62-F62 -> 112.6 | H62: Nguyễn Thị Thanh Tâm | I62: SX
A63: =+A62+1 -> 53 | B63: 45776 | C63: Bao trăng 23 *23 cân : 44.2*22*5.5*5.5*5 | D63: kg | F63: 1.3 | G63: =+G62+E63-F63 -> 111.3 | H63: Nguyễn Thị Thanh Tâm | I63: SX
A64: =+A63+1 -> 54 | B64: 45791 | C64: Bao trăng 23 *23 cân : 44.2*22*5.5*5.5*5 | D64: kg | F64: 0.8 | G64: =+G63+E64-F64 -> 110.5 | H64: Nguyễn Thị Thanh Tâm | I64: SX
A65: =+A64+1 -> 55 | B65: 45792 | C65: Bao trăng 23 *23 cân : 44.2*22*5.5*5.5*5 | D65: kg | F65: 2.3 | G65: =+G64+E65-F65 -> 108.2 | H65: Nguyễn Thị Thanh Tâm | I65: SX
A66: =+A65+1 -> 56 | B66: 45793 | C66: Bao trăng 23 *23 cân : 44.2*22*5.5*5.5*5 | D66: kg | F66: 2.2 | G66: =+G65+E66-F66 -> 106 | H66: Nguyễn Thị Thanh Tâm | I66: SX
A67: =+A66+1 -> 57 | B67: 45794 | C67: Bao trăng 23 *23 cân : 44.2*22*5.5*5.5*5 | D67: kg | F67: 1 | G67: =+G66+E67-F67 -> 105 | H67: Nguyễn Thị Thanh Tâm | I67: SX
A68: =+A67+1 -> 58 | B68: 45796 | C68: Bao trăng 23 *23 cân : 44.2*22*5.5*5.5*5 | D68: kg | F68: 2.1 | G68: =+G67+E68-F68 -> 102.9 | H68: Nguyễn Thị Thanh Tâm | I68: SX
A69: =+A68+1 -> 59 | B69: 45797 | C69: Bao trăng 23 *23 cân : 44.2*22*5.5*5.5*5 | D69: kg | F69: 2.4 | G69: =+G68+E69-F69 -> 100.5 | H69: Nguyễn Thị Thanh Tâm | I69: SX
A70: =+A69+1 -> 60 | B70: 45798 | C70: Bao trăng 23 *23 cân : 44.2*22*5.5*5.5*5 | D70: kg | F70: 3.8 | G70: =+G69+E70-F70 -> 96.7 | H70: Nguyễn Thị Thanh Tâm | I70: SX
... A74: =+A73+1 -> 64 | B74: 45812 | C74: Bao trăng 23 *23 cân : 44.2*22*5.5*5.5*5 | D74: kg | F74: 3.4 | G74: =+G73+E74-F74 -> 87.4 | H74: Nguyễn Thị Thanh Tâm | I74: SX
A75: =+A74+1 -> 65 | B75: 45813 | C75: Bao trăng 23 *23 cân : 44.2*22*5.5*5.5*5 | F75: 3.2 | G75: =+G74+E75-F75 -> 84.2 | H75: Nguyễn Thị Thanh Tâm | I75: SX
A76: =+A75+1 -> 66 | B76: 45814 | C76: Bao trăng 23 *23 cân : 44.2*22*5.5*5.5*5 | D76: kg | F76: 7.5 | G76: =+G75+E76-F76 -> 76.7 | H76: Nguyễn Thị Thanh Tâm | I76: SX
A77: =+A76+1 -> 67 | B77: 45815 | C77: Bao trăng 23 *23 cân : 44.2*22*5.5*5.5*5 | D77: kg | F77: 3.7 | G77: =+G76+E77-F77 -> 73 | H77: Nguyễn Thị Thanh Tâm | I77: SX
A78: =+A77+1 -> 68 | B78: 45849 | C78: Bao trăng 23 *23 cân : 44.2*22*5.5*5.5*5 | D78: kg | F78: 6.5 | G78: =+G77+E78-F78 -> 66.5 | H78: Nguyễn Thị Thanh Tâm | I78: SX
A79: =+A78+1 -> 69 | B79: 45850 | C79: Bao trăng 23 *23 cân : 44.2*22*5.5*5.5*5 | D79: kg | F79: 7.3 | G79: =+G78+E79-F79 -> 59.2 | H79: Nguyễn Thị Thanh Tâm | I79: SX
A80: =+A79+1 -> 70 | B80: 45852 | C80: Bao trăng 23 *23 cân : 44.2*22*5.5*5.5*5 | D80: kg | F80: 7.6 | G80: =+G79+E80-F80 -> 51.6 | H80: Nguyễn Thị Thanh Tâm | I80: SX
A81: =+A80+1 -> 71 | B81: 45853 | C81: Bao trăng 23 *23 cân : 44.2*22*5.5*5.5*5 | D81: kg | F81: 11.6 | G81: =+G80+E81-F81 -> 40 | H81: Nguyễn Thị Thanh Tâm | I81: SX
A82: =+A81+1 -> 72 | B82: 45854 | C82: Bao trăng 23 *23 cân : 44.2*22*5.5*5.5*5 | D82: kg | F82: 9 | G82: =+G81+E82-F82 -> 31 | H82: Nguyễn Thị Thanh Tâm | I82: SX
A83: =+A82+1 -> 73 | B83: 45825 | C83: Bao trăng 23 *23 cân : 44.2*22*5.5*5.5*5 | D83: kg | F83: 12.1 | G83: =+G82+E83-F83 -> 18.9 | H83: Nguyễn Thị Thanh Tâm | I83: SX
A84: =+A83+1 -> 74 | B84: 45856 | C84: Bao trăng 23 *23 cân : 44.2*22*5.5*5.5*5 | D84: kg | F84: 5.2 | G84: =+G83+E84-F84 -> 13.7 | H84: Nguyễn Thị Thanh Tâm | I84: SX
A85: =+A84+1 -> 75 | B85: 45868 | D85: kg | F85: 4.8 | G85: =+G84+E85-F85 -> 8.9
A86: =+A85+1 -> 76 | B86: 45869 | D86: kg | F86: 4.7 | G86: =+G85+E86-F86 -> 4.2
A87: =+A86+1 -> 77 | B87: 45870 | D87: kg | F87: 5.2 | G87: =+G86+E87-F87 -> -1
A88: =+A87+1 -> 78 | B88: 45873 | D88: kg | F88: 0.8 | G88: =+G87+E88-F88 -> -1.8
A89: =+A88+1 -> 79 | B89: 45874 | F89: 1.5 | G89: =+G88+E89-F89 -> -3.3
A90: =+A89+1 -> 80 | B90: 45875 | F90: 2.3 | G90: =+G89+E90-F90 -> -5.6
A91: =+A90+1 -> 81 | B91: 45878 | F91: 1.7 | G91: =+G90+E91-F91 -> -7.3
A92: =+A91+1 -> 82 | B92: 45888 | E92: 50 | G92: =+G91+E92-F92 -> 42.7
A93: =+A92+1 -> 83 | B93: 45889 | F93: 3.6 | G93: =+G92+E93-F93 -> 39.1
A94: =+A93+1 -> 84 | B94: 45890 | F94: 2.6 | G94: =+G93+E94-F94 -> 36.5
A95: =+A94+1 -> 85 | B95: 45891 | F95: 3.7 | G95: =+G94+E95-F95 -> 32.8
A96: =+A95+1 -> 86 | B96: 45892 | F96: 4 | G96: =+G95+E96-F96 -> 28.8
A97: =+A96+1 -> 87 | B97: 45897 | E97: 187 | G97: =+G96+E97-F97 -> 215.8
A98: =+A97+1 -> 88 | B98: 45909 | F98: 2 | G98: =+G97+E98-F98 -> 213.8
A99: =+A98+1 -> 89 | B99: 45910 | F99: 3 | G99: =+G98+E99-F99 -> 210.8
A100: =+A99+1 -> 90 | B100: 45912 | F100: 3 | G100: =+G99+E100-F100 -> 207.8
A101: =+A100+1 -> 91 | B101: 45913 | F101: 1.5 | G101: =+G100+E101-F101 -> 206.3
A102: =+A101+1 -> 92 | B102: 45927 | F102: 0.5 | G102: =+G101+E102-F102 -> 205.8
A103: =+A102+1 -> 93 | B103: 45929 | F103: 0.4 | G103: =+G102+E103-F103 -> 205.4
A104: =+A103+1 -> 94 | B104: 45930 | F104: 3 | G104: =+G103+E104-F104 -> 202.4
A105: =+A104+1 -> 95 | B105: 45931 | F105: 2.3 | G105: =+G104+E105-F105 -> 200.1
A106: =+A105+1 -> 96 | B106: 45933 | F106: 1.7 | G106: =+G105+E106-F106 -> 198.4
A107: =+A106+1 -> 97 | B107: 45936 | F107: 1.3 | G107: =+G106+E107-F107 -> 197.1
A108: =+A107+1 -> 98 | B108: 45937 | F108: 2.7 | G108: =+G107+E108-F108 -> 194.4
A109: =+A108+1 -> 99 | B109: 45938 | F109: 3.7 | G109: =+G108+E109-F109 -> 190.7
... A111: =+A110+1 -> 101 | B111: 45940 | F111: 1.7 | G111: =+G110+E111-F111 -> 185.6
A112: =+A111+1 -> 102 | G112: =+G111+E112-F112 -> 185.6
A113: =+A112+1 -> 103 | G113: =+G112+E113-F113 -> 185.6
A114: =+A113+1 -> 104 | G114: =+G113+E114-F114 -> 185.6
A115: =+A114+1 -> 105 | G115: =+G114+E115-F115 -> 185.6
G116: =+G115+E116-F116 -> 185.6
G117: =+G116+E117-F117 -> 185.6
G118: =+G117+E118-F118 -> 185.6
...

Sheet Bao trăng 33 cân 
A1: Công ty TNHH Giấy Đông Á
A2: Thôn Mộc Ty, xã Trưng Trắc, huyện Văn Lâm, tỉnh Hưng Yên
A4: THẺ KHO NGUYÊN VẬT LIỆU
A8: STT | B8: Ngày tháng | C8: Tên nguyên vật liệu | D8: ĐVT | E8: Số lượng nhập | F8: Số lượng xuất | G8: Tồn | H8: Người nhận | I8: Ghi chú
C9: Tồn đầu kỳ | J9: =497+10 -> 507
A10: 1 | B10: 45677 | C10: Bao trăng 33cân :r 22*d56*7,5(gh) | D10: kg | E10: 19.5 | G10: =+G9+E10-F10 -> 19.5 | H10: Nguyễn Thị Thanh Tâm
A11: =+A10+1 -> 2 | B11: 45679 | C11: Bao trăng 33cân :r 22*d56*7,5(gh) | D11: kg | E11: 91 | G11: =+G10+E11-F11 -> 110.5 | H11: Nguyễn Thị Thanh Tâm | I11: SX
A12: =+A11+1 -> 3 | B12: 45703 | C12: Bao trăng 33cân :r 22*d56*7,5(gh) | D12: kg | F12: 0.4 | G12: =+G11+E12-F12 -> 110.1 | H12: Nguyễn Thị Thanh Tâm | I12: SX
A13: =+A12+1 -> 4 | B13: 45705 | C13: Bao trăng 33cân :r 22*d56*7,5(gh) | D13: kg | F13: 2.8 | G13: =+G12+E13-F13 -> 107.3 | H13: Nguyễn Thị Thanh Tâm | I13: SX
A14: =+A13+1 -> 5 | B14: 45706 | C14: Bao trăng 33cân :r 22*d56*7,5(gh) | D14: kg | F14: 0.8 | G14: =+G13+E14-F14 -> 106.5 | H14: Nguyễn Thị Thanh Tâm | I14: SX | J14: Nhập lại kho cho khớp với kk ngày 28/02/2019
A15: =+A14+1 -> 6 | B15: 45707 | C15: Bao trăng 33cân :r 22*d56*7,5(gh) | D15: kg | F15: 0.5 | G15: =+G14+E15-F15 -> 106 | H15: Nguyễn Thị Thanh Tâm | I15: SX | J15: =+F15+F17 -> 2.5
B16: 45714 | C16: Bao trăng 33cân :r 22*d56*7,5(gh) | D16: kg | F16: 1.1 | G16: =+G15+E16-F16 -> 104.9 | H16: Nguyễn Thị Thanh Tâm | I16: SX
A17: =+A15+1 -> 7 | B17: 45715 | C17: Bao trăng 33cân :r 22*d56*7,5(gh) | D17: kg | F17: 2 | G17: =+G16+E17-F17 -> 102.9 | H17: Nguyễn Thị Liên | I17: SX
A18: =+A17+1 -> 8 | B18: 45716 | C18: Bao trăng 33cân :r 22*d56*7,5(gh) | D18: kg | F18: 0.7 | G18: =+G17+E18-F18 -> 102.2 | H18: Nguyễn Thị Liên | I18: SX
A19: =+A18+1 -> 9 | B19: 45717 | C19: Bao trăng 33cân :r 22*d56*7,5(gh) | D19: kg | F19: 3.1 | G19: =+G18+E19-F19 -> 99.1 | H19: Nguyễn Thị Liên | I19: SX
A20: =+A19+1 -> 10 | B20: 45720 | C20: Bao trăng 33cân :r 22*d56*7,5(gh) | D20: kg | F20: 0.1 | G20: =+G19+E20-F20 -> 99 | H20: Nguyễn Thị Liên | I20: SX
A21: =+A20+1 -> 11 | B21: 45751 | C21: Bao trăng 33cân :r 22*d56*7,5(gh) | D21: kg | F21: 2.2 | G21: =+G20+E21-F21 -> 96.8 | H21: Nguyễn Thị Liên | I21: SX
A22: =+A21+1 -> 12 | B22: 45782 | F22: 0.8 | G22: =+G21+E22-F22 -> 96
A23: =+A22+1 -> 13 | B23: 45783 | C23: Bao trăng 33cân :r 22*d56*7,5(gh) | D23: kg | F23: 1.6 | G23: =+G22+E23-F23 -> 94.4 | H23: Nguyễn Thị Liên | I23: SX
A24: =+A23+1 -> 14 | B24: 45784 | C24: Bao trăng 33cân :r 22*d56*7,5(gh) | D24: kg | F24: 1.5 | G24: =+G23+E24-F24 -> 92.9 | H24: Nguyễn Thị Liên | I24: SX
A25: =+A24+1 -> 15 | B25: 45817 | C25: Bao trăng 33cân :r 22*d56*7,5(gh) | D25: kg | F25: 0.9 | G25: =+G24+E25-F25 -> 92 | H25: Nguyễn Thị Liên | I25: SX
A26: =+A25+1 -> 16 | B26: 45818 | C26: Bao trăng 33cân :r 22*d56*7,5(gh) | D26: kg | F26: 1.4 | G26: =+G25+E26-F26 -> 90.6 | H26: Nguyễn Thị Liên | I26: SX
A27: =+A26+1 -> 17 | B27: 45820 | C27: Bao trăng 33cân :r 22*d56*7,5(gh) | D27: kg | F27: 1.3 | G27: =+G26+E27-F27 -> 89.3 | H27: Nguyễn Thị Liên | I27: SX
A28: =+A27+1 -> 18 | B28: 45821 | C28: Bao trăng 33cân :r 22*d56*7,5(gh) | D28: kg | F28: 0.7 | G28: =+G27+E28-F28 -> 88.6 | H28: Nguyễn Thị Liên | I28: SX
A29: =+A28+1 -> 19 | B29: 45829 | C29: Bao trăng 33cân :r 22*d56*7,5(gh) | D29: kg | F29: 1.4 | G29: =+G28+E29-F29 -> 87.2 | H29: Nguyễn Thị Liên | I29: SX
A30: =+A29+1 -> 20 | B30: 45836 | C30: Bao trăng 33cân :r 22*d56*7,5(gh) | D30: kg | F30: 0.3 | G30: =+G29+E30-F30 -> 86.9 | H30: Nguyễn Thị Liên | I30: SX
A31: =+A30+1 -> 21 | B31: 45842 | C31: Bao trăng 33cân :r 22*d56*7,5(gh) | D31: kg | F31: 1.8 | G31: =+G30+E31-F31 -> 85.1 | H31: Nguyễn Thị Liên | I31: SX
A32: =+A31+1 -> 22 | B32: 45843 | C32: Bao trăng 33cân :r 22*d56*7,5(gh) | D32: kg | F32: 0.2 | G32: =+G31+E32-F32 -> 84.9 | H32: Nguyễn Thị Liên | I32: SX
A33: =+A32+1 -> 23 | B33: 45898 | C33: Bao trăng 33cân :r 22*d56*7,5(gh) | D33: kg | F33: 2.3 | G33: =+G32+E33-F33 -> 82.6 | H33: Nguyễn Thị Liên | I33: SX
A34: =+A33+1 -> 24 | B34: 45899 | C34: Bao trăng 33cân :r 22*d56*7,5(gh) | D34: kg | F34: 1 | G34: =+G33+E34-F34 -> 81.6 | H34: Nguyễn Thị Liên | I34: SX
A35: =+A34+1 -> 25 | B35: 45924 | C35: Bao trăng 33cân :r 22*d56*7,5(gh) | D35: kg | F35: 1 | G35: =+G34+E35-F35 -> 80.6 | H35: Nguyễn Thị Liên | I35: SX
A36: =+A35+1 -> 26 | B36: 45925 | C36: Bao trăng 33cân :r 22*d56*7,5(gh) | D36: kg | F36: 2.2 | G36: =+G35+E36-F36 -> 78.4 | H36: Nguyễn Thị Liên
A37: =+A36+1 -> 27 | B37: 45926 | C37: Bao trăng 33cân :r 22*d56*7,5(gh) | D37: kg | F37: 1.5 | G37: =+G36+E37-F37 -> 76.9 | H37: Liên | I37: SX
A38: =+A37+1 -> 28 | B38: 45929 | C38: Bao trăng 33cân :r 22*d56*7,5(gh) | D38: kg | F38: 1.5 | G38: =+G37+E38-F38 -> 75.4 | H38: Liên | I38: SX
A39: =+A38+1 -> 29 | B39: 45930 | C39: Bao trăng 33cân :r 22*d56*7,5(gh) | D39: kg | F39: 1.4 | G39: =+G38+E39-F39 -> 74 | H39: Liên | I39: SX
A40: =+A39+1 -> 30 | B40: 45931 | C40: Bao trăng 33cân :r 22*d56*7,5(gh) | D40: kg | F40: 0.6 | G40: =+G39+E40-F40 -> 73.4 | H40: Liên | I40: SX
A41: =+A40+1 -> 31 | C41: Bao trăng 33cân :r 22*d56*7,5(gh) | D41: kg | G41: =+G40+E41-F41 -> 73.4 | H41: Nguyễn Thị Thanh Tâm | I41: SX
A42: =+A41+1 -> 32 | C42: Bao trăng 33cân :r 22*d56*7,5(gh) | D42: kg | G42: =+G41+E42-F42 -> 73.4 | H42: Nguyễn Thị Thanh Tâm | I42: SX
A43: =+A42+1 -> 33 | C43: Bao trăng 33cân :r 22*d56*7,5(gh) | D43: kg | G43: =+G42+E43-F43 -> 73.4 | H43: Nguyễn Thị Thanh Tâm | I43: SX
A44: =+A43+1 -> 34 | C44: Bao trăng 33cân :r 22*d56*7,5(gh) | D44: kg | G44: =+G43+E44-F44 -> 73.4 | H44: Nguyễn Thị Thanh Tâm | I44: SX
A45: =+A44+1 -> 35 | C45: Bao trăng 33cân :r 22*d56*7,5(gh) | D45: kg | G45: =+G44+E45-F45 -> 73.4 | H45: Nguyễn Thị Thanh Tâm | I45: SX
A46: =+A45+1 -> 36 | C46: Bao trăng 33cân :r 22*d56*7,5(gh) | D46: kg | G46: =+G45+E46-F46 -> 73.4 | H46: Nguyễn Thị Thanh Tâm | I46: SX
A47: =+A46+1 -> 37 | C47: Bao trăng 33cân :r 22*d56*7,5(gh) | D47: kg | G47: =+G46+E47-F47 -> 73.4 | H47: Nguyễn Thị Thanh Tâm | I47: SX
A48: =+A47+1 -> 38 | C48: Bao trăng 33cân :r 22*d56*7,5(gh) | D48: kg | G48: =+G47+E48-F48 -> 73.4 | H48: Nguyễn Thị Thanh Tâm | I48: SX
A49: =+A48+1 -> 39 | C49: Bao trăng 33cân :r 22*d56*7,5(gh) | D49: kg | G49: =+G48+E49-F49 -> 73.4 | H49: Nguyễn Thị Thanh Tâm | I49: SX
A50: =+A49+1 -> 40 | C50: Bao trăng 33cân :r 22*d56*7,5(gh) | D50: kg | G50: =+G49+E50-F50 -> 73.4 | H50: Nguyễn Thị Thanh Tâm | I50: SX
A51: =+A50+1 -> 41 | C51: Bao trăng 33cân :r 22*d56*7,5(gh) | D51: kg | G51: =+G50+E51-F51 -> 73.4 | H51: Nguyễn Thị Thanh Tâm | I51: SX
A52: =+A51+1 -> 42 | C52: Bao trăng 33cân :r 22*d56*7,5(gh) | D52: kg | G52: =+G51+E52-F52 -> 73.4 | H52: Nguyễn Thị Thanh Tâm | I52: SX
... A74: =+A73+1 -> 64 | C74: Bao trăng 33cân :r 22*d56*7,5(gh) | D74: kg | G74: =+G73+E74-F74 -> 73.4 | H74: Nguyễn Thị Thanh Tâm | I74: SX
A75: =+A74+1 -> 65 | C75: Bao trăng 33cân :r 22*d56*7,5(gh) | G75: =+G74+E75-F75 -> 73.4 | H75: Nguyễn Thị Thanh Tâm | I75: SX
A76: =+A75+1 -> 66 | C76: Bao trăng 33cân :r 22*d56*7,5(gh) | D76: kg | G76: =+G75+E76-F76 -> 73.4 | H76: Nguyễn Thị Thanh Tâm | I76: SX
A77: =+A76+1 -> 67 | C77: Bao trăng 33cân :r 22*d56*7,5(gh) | D77: kg | G77: =+G76+E77-F77 -> 73.4 | H77: Nguyễn Thị Thanh Tâm | I77: SX
A78: =+A77+1 -> 68 | C78: Bao trăng 33cân :r 22*d56*7,5(gh) | D78: kg | G78: =+G77+E78-F78 -> 73.4 | H78: Nguyễn Thị Thanh Tâm | I78: SX
A79: =+A78+1 -> 69 | C79: Bao trăng 33cân :r 22*d56*7,5(gh) | D79: kg | G79: =+G78+E79-F79 -> 73.4 | H79: Nguyễn Thị Thanh Tâm | I79: SX
A80: =+A79+1 -> 70 | C80: Bao trăng 33cân :r 22*d56*7,5(gh) | D80: kg | G80: =+G79+E80-F80 -> 73.4 | H80: Nguyễn Thị Thanh Tâm | I80: SX
A81: =+A80+1 -> 71 | C81: Bao trăng 33cân :r 22*d56*7,5(gh) | D81: kg | G81: =+G80+E81-F81 -> 73.4 | H81: Nguyễn Thị Thanh Tâm | I81: SX
A82: =+A81+1 -> 72 | C82: Bao trăng 33cân :r 22*d56*7,5(gh) | D82: kg | G82: =+G81+E82-F82 -> 73.4 | H82: Nguyễn Thị Thanh Tâm | I82: SX
A83: =+A82+1 -> 73 | C83: Bao trăng 33cân :r 22*d56*7,5(gh) | D83: kg | G83: =+G82+E83-F83 -> 73.4 | H83: Nguyễn Thị Thanh Tâm | I83: SX
A84: =+A83+1 -> 74 | C84: Bao trăng 33cân :r 22*d56*7,5(gh) | D84: kg | G84: =+G83+E84-F84 -> 73.4 | H84: Nguyễn Thị Thanh Tâm | I84: SX
A85: =+A84+1 -> 75 | D85: kg | G85: =+G84+E85-F85 -> 73.4
A86: =+A85+1 -> 76 | D86: kg | G86: =+G85+E86-F86 -> 73.4
A87: =+A86+1 -> 77 | D87: kg | G87: =+G86+E87-F87 -> 73.4
A88: =+A87+1 -> 78 | D88: kg | G88: =+G87+E88-F88 -> 73.4
A89: =+A88+1 -> 79 | G89: =+G88+E89-F89 -> 73.4
A90: =+A89+1 -> 80 | G90: =+G89+E90-F90 -> 73.4
A91: =+A90+1 -> 81 | G91: =+G90+E91-F91 -> 73.4
A92: =+A91+1 -> 82 | G92: =+G91+E92-F92 -> 73.4
A93: =+A92+1 -> 83 | G93: =+G92+E93-F93 -> 73.4
A94: =+A93+1 -> 84 | G94: =+G93+E94-F94 -> 73.4
A95: =+A94+1 -> 85 | G95: =+G94+E95-F95 -> 73.4
A96: =+A95+1 -> 86 | G96: =+G95+E96-F96 -> 73.4
A97: =+A96+1 -> 87 | G97: =+G96+E97-F97 -> 73.4
A98: =+A97+1 -> 88 | G98: =+G97+E98-F98 -> 73.4
A99: =+A98+1 -> 89 | G99: =+G98+E99-F99 -> 73.4
A100: =+A99+1 -> 90 | G100: =+G99+E100-F100 -> 73.4
... A135: =+A134+1 -> 125 | G135: =+G134+E135-F135 -> 73.4
A136: =+A135+1 -> 126 | D136: kg | G136: =+G135+E136-F136 -> 73.4
A137: =+A136+1 -> 127 | G137: =+G136+E137-F137 -> 73.4
A138: =+A137+1 -> 128 | G138: =+G137+E138-F138 -> 73.4
A139: =+A138+1 -> 129 | G139: =+G138+E139-F139 -> 73.4
C140: Tổng cộng | E140: =SUM(E10:E139) -> 110.5 | F140: =SUM(F10:F139) -> 37.1 | G140: =+E140-F140+G9 -> 73.4

Sheet Bao trăng sp cân.3 lơp
A1: Công ty TNHH Giấy Đông Á
A2: Thôn Mộc Ty, xã Trưng Trắc, huyện Văn Lâm, tỉnh Hưng Yên
A4: THẺ KHO NGUYÊN VẬT LIỆU
A8: STT | B8: Ngày tháng | C8: Tên nguyên vật liệu | D8: ĐVT | E8: Số lượng nhập | F8: Số lượng xuất | G8: Tồn | H8: Người nhận | I8: Ghi chú
B9: 45658 | G9: 39.9 | J9: =497+10 -> 507
A10: 1 | B10: 45677 | C10: Bao trăng sp cân | D10: kg | F10: 5.9 | G10: =+G9+E10-F10 -> 34 | H10: Nguyễn Thị Liên
A11: =+A10+1 -> 2 | B11: 45678 | C11: Bao trăng sp cân | D11: kg | F11: 3.2 | G11: =+G10+E11-F11 -> 30.8 | H11: Nguyễn Thị Liên | I11: SX
A12: =+A11+1 -> 3 | B12: 45724 | C12: Bao trăng sp cân | D12: kg | E12: 99 | G12: =+G11+E12-F12 -> 129.8 | H12: Nguyễn Thị Liên | I12: SX
A13: =+A12+1 -> 4 | B13: 45747 | C13: Bao trăng sp cân | D13: kg | F13: 3.5 | G13: =+G12+E13-F13 -> 126.3 | H13: Nguyễn Thị Liên | I13: SX
A14: =+A13+1 -> 5 | B14: 45748 | C14: Bao trăng sp cân | D14: kg | F14: 5.2 | G14: =+G13+E14-F14 -> 121.1 | H14: Nguyễn Thị Liên | I14: Xuất gửi cho Linh gửi nhà PP | J14: Nhập lại kho cho khớp với kk ngày 28/02/2019
A15: =+A14+1 -> 6 | B15: 45749 | C15: Bao trăng sp cân | D15: kg | F15: 0.5 | G15: =+G14+E15-F15 -> 120.6 | H15: Nguyễn Thị Liên | I15: SX | J15: =+F15+F17 -> 2.4
B16: 45787 | D16: kg | F16: 1.7 | G16: =+G15+E16-F16 -> 118.9 | H16: Nguyễn Thị Liên | I16: SX
A17: =+A15+1 -> 7 | B17: 45791 | D17: kg | F17: 1.9 | G17: =+G16+E17-F17 -> 117 | H17: Nguyễn Thị Liên | I17: SX
A18: =+A17+1 -> 8 | B18: 45846 | D18: kg | F18: 4.1 | G18: =+G17+E18-F18 -> 112.9 | H18: Nguyễn Thị Liên | I18: SX
A19: =+A18+1 -> 9 | B19: 45847 | D19: kg | F19: 3.4 | G19: =+G18+E19-F19 -> 109.5 | H19: Nguyễn Thị Liên | I19: SX
A20: =+A19+1 -> 10 | B20: 45848 | D20: kg | F20: 3.8 | G20: =+G19+E20-F20 -> 105.7 | H20: Nguyễn Thị Liên | I20: SX
A21: =+A20+1 -> 11 | B21: 45888 | D21: kg | F21: 4.9 | G21: =+G20+E21-F21 -> 100.8 | H21: Nguyễn Thị Liên | I21: SX
A22: =+A21+1 -> 12 | B22: 45891 | D22: kg | F22: 8.9 | G22: =+G21+E22-F22 -> 91.9 | H22: Nguyễn Thị Liên | I22: SX
A23: =+A22+1 -> 13 | B23: 45892 | D23: kg | F23: 5 | G23: =+G22+E23-F23 -> 86.9 | H23: Nguyễn Thị Liên | I23: SX
A24: =+A23+1 -> 14 | B24: 45894 | D24: kg | F24: 5.6 | G24: =+G23+E24-F24 -> 81.3 | H24: Nguyễn Thị Liên | I24: SX | K24: misa 81.8
A25: =+A24+1 -> 15 | B25: 45895 | D25: kg | F25: 2.4 | G25: =+G24+E25-F25 -> 78.9 | H25: Nguyễn Thị Liên | I25: SX
A26: =+A25+1 -> 16 | D26: kg | G26: =+G25+E26-F26 -> 78.9 | H26: Nguyễn Thị Liên | I26: SX
A27: =+A26+1 -> 17 | D27: kg | G27: =+G26+E27-F27 -> 78.9 | H27: Nguyễn Thị Liên | I27: SX
A28: =+A27+1 -> 18 | D28: kg | G28: =+G27+E28-F28 -> 78.9 | H28: Nguyễn Thị Liên | I28: SX
A29: =+A28+1 -> 19 | D29: kg | G29: =+G28+E29-F29 -> 78.9 | H29: Nguyễn Thị Liên | I29: SX
A30: =+A29+1 -> 20 | D30: kg | G30: =+G29+E30-F30 -> 78.9 | H30: Nguyễn Thị Liên | I30: SX
A31: =+A30+1 -> 21 | D31: kg | G31: =+G30+E31-F31 -> 78.9 | H31: Nguyễn Thị Liên | I31: SX
A32: =+A31+1 -> 22 | D32: kg | G32: =+G31+E32-F32 -> 78.9 | H32: Nguyễn Thị Liên | I32: SX
A33: =+A32+1 -> 23 | D33: kg | G33: =+G32+E33-F33 -> 78.9 | H33: Nguyễn Thị Liên | I33: SX
A34: =+A33+1 -> 24 | D34: kg | G34: =+G33+E34-F34 -> 78.9 | H34: Nguyễn Thị Liên | I34: SX
A35: =+A34+1 -> 25 | D35: kg | G35: =+G34+E35-F35 -> 78.9 | H35: Nguyễn Thị Liên
A36: =+A35+1 -> 26 | D36: kg | G36: =+G35+E36-F36 -> 78.9 | H36: Nguyễn Thị Liên | I36: SX
A37: =+A36+1 -> 27 | D37: kg | G37: =+G36+E37-F37 -> 78.9 | H37: Nguyễn Thị Liên | I37: SX
A38: =+A37+1 -> 28 | D38: kg | G38: =+G37+E38-F38 -> 78.9 | H38: Nguyễn Thị Liên | I38: SX
A39: =+A38+1 -> 29 | D39: kg | G39: =+G38+E39-F39 -> 78.9 | H39: Nguyễn Thị Liên | I39: SX
A40: =+A39+1 -> 30 | D40: kg | G40: =+G39+E40-F40 -> 78.9 | H40: Nguyễn Thị Liên | I40: SX
A41: =+A40+1 -> 31 | D41: kg | G41: =+G40+E41-F41 -> 78.9 | H41: Nguyễn Thị Liên | I41: SX
A42: =+A41+1 -> 32 | D42: kg | G42: =+G41+E42-F42 -> 78.9 | H42: Nguyễn Thị Liên | I42: SX
A43: =+A42+1 -> 33 | D43: kg | G43: =+G42+E43-F43 -> 78.9 | H43: Nguyễn Thị Liên | I43: SX
A44: =+A43+1 -> 34 | D44: kg | G44: =+G43+E44-F44 -> 78.9 | H44: Nguyễn Thị Liên | I44: SX
A45: =+A44+1 -> 35 | D45: kg | G45: =+G44+E45-F45 -> 78.9 | H45: Nguyễn Thị Liên | I45: SX
A46: =+A45+1 -> 36 | D46: kg | G46: =+G45+E46-F46 -> 78.9 | H46: Nguyễn Thị Liên | I46: SX
A47: =+A46+1 -> 37 | D47: kg | G47: =+G46+E47-F47 -> 78.9 | H47: Nguyễn Thị Liên | I47: SX
... A59: =+A58+1 -> 49 | D59: kg | G59: =+G58+E59-F59 -> 78.9 | H59: Nguyễn Thị Liên | I59: SX
A60: =+A59+1 -> 50 | D60: kg | G60: =+G59+E60-F60 -> 78.9 | H60: Nguyễn Thị Liên
A61: =+A60+1 -> 51 | D61: kg | G61: =+G60+E61-F61 -> 78.9 | H61: Nguyễn Thị Liên
A62: =+A61+1 -> 52 | D62: kg | G62: =+G61+E62-F62 -> 78.9 | H62: Nguyễn Thị Liên
A63: =+A62+1 -> 53 | D63: kg | G63: =+G62+E63-F63 -> 78.9 | H63: Nguyễn Thị Liên
A64: =+A63+1 -> 54 | D64: kg | G64: =+G63+E64-F64 -> 78.9 | H64: Nguyễn Thị Liên
A65: =+A64+1 -> 55 | D65: kg | G65: =+G64+E65-F65 -> 78.9 | H65: Nguyễn Thị Liên
A66: =+A65+1 -> 56 | D66: kg | G66: =+G65+E66-F66 -> 78.9 | H66: Nguyễn Thị Liên
A67: =+A66+1 -> 57 | D67: kg | G67: =+G66+E67-F67 -> 78.9 | H67: Nguyễn Thị Liên
A68: =+A67+1 -> 58 | D68: kg | G68: =+G67+E68-F68 -> 78.9 | H68: Nguyễn Thị Liên
A69: =+A68+1 -> 59 | D69: kg | G69: =+G68+E69-F69 -> 78.9 | H69: Nguyễn Thị Liên
A70: =+A69+1 -> 60 | D70: kg | G70: =+G69+E70-F70 -> 78.9 | H70: Nguyễn Thị Liên
A71: =+A70+1 -> 61 | D71: kg | G71: =+G70+E71-F71 -> 78.9 | H71: Nguyễn Thị Liên
... A78: =+A77+1 -> 68 | D78: kg | G78: =+G77+E78-F78 -> 78.9 | H78: Nguyễn Thị Liên
D79: kg | G79: =+G78+E79-F79 -> 78.9 | H79: Nguyễn Thị Liên
D80: kg | G80: =+G79+E80-F80 -> 78.9 | H80: Nguyễn Thị Liên
D81: kg | G81: =+G80+E81-F81 -> 78.9 | H81: Nguyễn Thị Liên
D82: kg | G82: =+G81+E82-F82 -> 78.9 | H82: Nguyễn Thị Liên
D83: kg | G83: =+G82+E83-F83 -> 78.9 | H83: Nguyễn Thị Liên
D84: kg | G84: =+G83+E84-F84 -> 78.9 | H84: Nguyễn Thị Liên
D85: kg | G85: =+G84+E85-F85 -> 78.9 | H85: Nguyễn Thị Liên
D86: kg | G86: =+G85+E86-F86 -> 78.9 | H86: Nguyễn Thị Liên
D87: kg | G87: =+G86+E87-F87 -> 78.9
A88: =+A78+1 -> 69 | G88: =+G87+E88-F88 -> 78.9
A89: =+A88+1 -> 70 | G89: =+G88+E89-F89 -> 78.9
A90: =+A89+1 -> 71 | G90: =+G89+E90-F90 -> 78.9
C91: Tổng cộng | E91: =SUM(E10:E90) -> 99 | F91: =SUM(F10:F90) -> 60 | G91: =+E91-F91+G9 -> 78.9

Sheet Bao trăng sp cân.2 lơp 
A1: Công ty TNHH Giấy Đông Á
A2: Thôn Mộc Ty, xã Trưng Trắc, huyện Văn Lâm, tỉnh Hưng Yên
A4: THẺ KHO NGUYÊN VẬT LIỆU
A8: STT | B8: Ngày tháng | C8: Tên nguyên vật liệu | D8: ĐVT | E8: Số lượng nhập | F8: Số lượng xuất | G8: Tồn | H8: Người nhận | I8: Ghi chú
B9: 45658 | G9: 176 | J9: nhận ngày 25/11/2024
A10: 1 | B10: 45671 | C10: Bao trăng sp cân 24*54*9 | D10: kg | F10: 0.3 | G10: =+G9+E10-F10 -> 175.7 | H10: Nguyễn Thị Liên
A11: =+A10+1 -> 2 | B11: 45673 | C11: Bao trăng sp cân 24*54*9 | D11: kg | F11: 0.2 | G11: =+G10+E11-F11 -> 175.5 | H11: Nguyễn Thị Liên | I11: SX
A12: =+A11+1 -> 3 | C12: Bao trăng sp cân 24*54*9 | D12: kg | G12: =+G11+E12-F12 -> 175.5 | H12: Nguyễn Thị Liên | I12: SX
A13: =+A12+1 -> 4 | C13: Bao trăng sp cân 24*54*9 | D13: kg | G13: =+G12+E13-F13 -> 175.5 | H13: Nguyễn Thị Liên | I13: SX
A14: =+A13+1 -> 5 | C14: Bao trăng sp cân 24*54*9 | D14: kg | G14: =+G13+E14-F14 -> 175.5 | H14: Nguyễn Thị Liên | I14: Xuất gửi cho Linh gửi nhà PP | J14: Nhập lại kho cho khớp với kk ngày 28/02/2019
A15: =+A14+1 -> 6 | C15: Bao trăng sp cân 24*54*9 | D15: kg | G15: =+G14+E15-F15 -> 175.5 | H15: Nguyễn Thị Liên | I15: SX | J15: =+F15+F17 -> 0
D16: kg | G16: =+G15+E16-F16 -> 175.5 | H16: Nguyễn Thị Liên | I16: SX
A17: =+A15+1 -> 7 | D17: kg | G17: =+G16+E17-F17 -> 175.5 | H17: Nguyễn Thị Liên | I17: SX
A18: =+A17+1 -> 8 | D18: kg | G18: =+G17+E18-F18 -> 175.5 | H18: Nguyễn Thị Liên | I18: SX
A19: =+A18+1 -> 9 | D19: kg | G19: =+G18+E19-F19 -> 175.5 | H19: Nguyễn Thị Liên | I19: SX
A20: =+A19+1 -> 10 | D20: kg | G20: =+G19+E20-F20 -> 175.5 | H20: Nguyễn Thị Liên | I20: SX
A21: =+A20+1 -> 11 | D21: kg | G21: =+G20+E21-F21 -> 175.5 | H21: Nguyễn Thị Liên | I21: SX
A22: =+A21+1 -> 12 | D22: kg | G22: =+G21+E22-F22 -> 175.5 | H22: Nguyễn Thị Liên | I22: SX
A23: =+A22+1 -> 13 | D23: kg | G23: =+G22+E23-F23 -> 175.5 | H23: Nguyễn Thị Liên | I23: SX
A24: =+A23+1 -> 14 | D24: kg | G24: =+G23+E24-F24 -> 175.5 | H24: Nguyễn Thị Liên | I24: SX
A25: =+A24+1 -> 15 | D25: kg | G25: =+G24+E25-F25 -> 175.5 | H25: Nguyễn Thị Liên | I25: SX
A26: =+A25+1 -> 16 | D26: kg | G26: =+G25+E26-F26 -> 175.5 | H26: Nguyễn Thị Liên | I26: SX
A27: =+A26+1 -> 17 | D27: kg | G27: =+G26+E27-F27 -> 175.5 | H27: Nguyễn Thị Liên | I27: SX
A28: =+A27+1 -> 18 | D28: kg | G28: =+G27+E28-F28 -> 175.5 | H28: Nguyễn Thị Liên | I28: SX
A29: =+A28+1 -> 19 | D29: kg | G29: =+G28+E29-F29 -> 175.5 | H29: Nguyễn Thị Liên | I29: SX
... A34: =+A33+1 -> 24 | D34: kg | G34: =+G33+E34-F34 -> 175.5 | H34: Nguyễn Thị Liên | I34: SX
A35: =+A34+1 -> 25 | D35: kg | G35: =+G34+E35-F35 -> 175.5 | H35: Nguyễn Thị Liên
A36: =+A35+1 -> 26 | D36: kg | G36: =+G35+E36-F36 -> 175.5 | H36: Nguyễn Thị Liên | I36: SX
A37: =+A36+1 -> 27 | D37: kg | G37: =+G36+E37-F37 -> 175.5 | H37: Nguyễn Thị Liên | I37: SX
A38: =+A37+1 -> 28 | D38: kg | G38: =+G37+E38-F38 -> 175.5 | H38: Nguyễn Thị Liên | I38: SX
A39: =+A38+1 -> 29 | D39: kg | G39: =+G38+E39-F39 -> 175.5 | H39: Nguyễn Thị Liên | I39: SX
A40: =+A39+1 -> 30 | D40: kg | G40: =+G39+E40-F40 -> 175.5 | H40: Nguyễn Thị Liên | I40: SX
A41: =+A40+1 -> 31 | D41: kg | G41: =+G40+E41-F41 -> 175.5 | H41: Nguyễn Thị Liên | I41: SX
A42: =+A41+1 -> 32 | D42: kg | G42: =+G41+E42-F42 -> 175.5 | H42: Nguyễn Thị Liên | I42: SX
A43: =+A42+1 -> 33 | D43: kg | G43: =+G42+E43-F43 -> 175.5 | H43: Nguyễn Thị Liên | I43: SX
A44: =+A43+1 -> 34 | D44: kg | G44: =+G43+E44-F44 -> 175.5 | H44: Nguyễn Thị Liên | I44: SX
A45: =+A44+1 -> 35 | D45: kg | G45: =+G44+E45-F45 -> 175.5 | H45: Nguyễn Thị Liên | I45: SX
A46: =+A45+1 -> 36 | D46: kg | G46: =+G45+E46-F46 -> 175.5 | H46: Nguyễn Thị Liên | I46: SX
A47: =+A46+1 -> 37 | D47: kg | G47: =+G46+E47-F47 -> 175.5 | H47: Nguyễn Thị Liên | I47: SX
... A59: =+A58+1 -> 49 | D59: kg | G59: =+G58+E59-F59 -> 175.5 | H59: Nguyễn Thị Liên | I59: SX
A60: =+A59+1 -> 50 | D60: kg | G60: =+G59+E60-F60 -> 175.5 | H60: Nguyễn Thị Liên
A61: =+A60+1 -> 51 | D61: kg | G61: =+G60+E61-F61 -> 175.5 | H61: Nguyễn Thị Liên
A62: =+A61+1 -> 52 | D62: kg | G62: =+G61+E62-F62 -> 175.5 | H62: Nguyễn Thị Liên
A63: =+A62+1 -> 53 | D63: kg | G63: =+G62+E63-F63 -> 175.5 | H63: Nguyễn Thị Liên
A64: =+A63+1 -> 54 | D64: kg | G64: =+G63+E64-F64 -> 175.5 | H64: Nguyễn Thị Liên
A65: =+A64+1 -> 55 | D65: kg | G65: =+G64+E65-F65 -> 175.5 | H65: Nguyễn Thị Liên
A66: =+A65+1 -> 56 | D66: kg | G66: =+G65+E66-F66 -> 175.5 | H66: Nguyễn Thị Liên
A67: =+A66+1 -> 57 | D67: kg | G67: =+G66+E67-F67 -> 175.5 | H67: Nguyễn Thị Liên
A68: =+A67+1 -> 58 | D68: kg | G68: =+G67+E68-F68 -> 175.5 | H68: Nguyễn Thị Liên
A69: =+A68+1 -> 59 | D69: kg | G69: =+G68+E69-F69 -> 175.5 | H69: Nguyễn Thị Liên
A70: =+A69+1 -> 60 | D70: kg | G70: =+G69+E70-F70 -> 175.5 | H70: Nguyễn Thị Liên
A71: =+A70+1 -> 61 | D71: kg | G71: =+G70+E71-F71 -> 175.5 | H71: Nguyễn Thị Liên
... A78: =+A77+1 -> 68 | D78: kg | G78: =+G77+E78-F78 -> 175.5 | H78: Nguyễn Thị Liên
D79: kg | G79: =+G78+E79-F79 -> 175.5 | H79: Nguyễn Thị Liên
D80: kg | G80: =+G79+E80-F80 -> 175.5 | H80: Nguyễn Thị Liên
D81: kg | G81: =+G80+E81-F81 -> 175.5 | H81: Nguyễn Thị Liên
D82: kg | G82: =+G81+E82-F82 -> 175.5 | H82: Nguyễn Thị Liên
D83: kg | G83: =+G82+E83-F83 -> 175.5 | H83: Nguyễn Thị Liên
D84: kg | G84: =+G83+E84-F84 -> 175.5 | H84: Nguyễn Thị Liên
D85: kg | G85: =+G84+E85-F85 -> 175.5 | H85: Nguyễn Thị Liên
D86: kg | G86: =+G85+E86-F86 -> 175.5 | H86: Nguyễn Thị Liên
D87: kg | G87: =+G86+E87-F87 -> 175.5
A88: =+A78+1 -> 69 | G88: =+G87+E88-F88 -> 175.5
A89: =+A88+1 -> 70 | G89: =+G88+E89-F89 -> 175.5
A90: =+A89+1 -> 71 | G90: =+G89+E90-F90 -> 175.5
C91: Tổng cộng | E91: =SUM(E10:E90) -> 0 | F91: =SUM(F10:F90) -> 0.5 | G91: =+E91-F91+G9 -> 175.5

Sheet Bao trăng sp 10 gói
A1: Công ty TNHH Giấy Đông Á
A2: Thôn Mộc Ty, xã Trưng Trắc, huyện Văn Lâm, tỉnh Hưng Yên
A4: THẺ KHO NGUYÊN VẬT LIỆU
A8: STT | B8: Ngày tháng | C8: Tên nguyên vật liệu | D8: ĐVT | E8: Số lượng nhập | F8: Số lượng xuất | G8: Tồn | H8: Người nhận | I8: Ghi chú
B9: 45658 | G9: 6 | J9: =497+10 -> 507
A10: 1 | B10: 45716 | C10: Bao trăng sp 10 gói | D10: kg | F10: 1.1 | G10: =+G9+E10-F10 -> 4.9 | H10: Nguyễn Thị Liên
A11: =+A10+1 -> 2 | B11: 45724 | C11: Bao trăng sp 10 gói | D11: kg | E11: 163 | G11: =+G10+E11-F11 -> 167.9 | H11: Nguyễn Thị Liên | I11: SX
A12: =+A11+1 -> 3 | B12: 45746 | C12: Bao trăng sp 10 gói | D12: kg | F12: 3 | G12: =+G11+E12-F12 -> 164.9 | H12: Nguyễn Thị Liên | I12: SX
A13: =+A12+1 -> 4 | B13: 45749 | C13: Bao trăng sp 10 gói | D13: kg | F13: 3.3 | G13: =+G12+E13-F13 -> 161.6 | H13: Nguyễn Thị Liên | I13: SX
A14: =+A13+1 -> 5 | B14: 45750 | C14: Bao trăng sp 10 gói | D14: kg | F14: 4.7 | G14: =+G13+E14-F14 -> 156.9 | H14: Nguyễn Thị Liên | I14: Xuât cho linh gửi NPP
A15: =+A14+1 -> 6 | B15: 45751 | F15: 4.7 | G15: =+G14+E15-F15 -> 152.2 | H15: Nguyễn Thị Liên
A16: =+A15+1 -> 7 | B16: 45752 | D16: kg | F16: 2.8 | G16: =+G15+E16-F16 -> 149.4 | H16: Nguyễn Thị Liên | I16: Xuất đóng hàng mẫu cuộn giấy vệ sinh cho linh | J16: =+F16+F18 -> 6.8
A17: =+A16+1 -> 8 | B17: 45755 | D17: kg | F17: 3 | G17: =+G16+E17-F17 -> 146.4 | H17: Nguyễn Thị Liên | I17: SX
A18: =+A17+1 -> 9 | B18: 45756 | D18: kg | F18: 4 | G18: =+G17+E18-F18 -> 142.4 | H18: Nguyễn Thị Liên | I18: SX | J18: 10.2
A19: =+A18+1 -> 10 | B19: 45860 | D19: kg | F19: 2 | G19: =+G18+E19-F19 -> 140.4 | H19: Nguyễn Thị Liên | I19: SX
A20: =+A19+1 -> 11 | B20: 45861 | D20: kg | F20: 5.6 | G20: =+G19+E20-F20 -> 134.8 | H20: Nguyễn Thị Liên | I20: SX
A21: =+A20+1 -> 12 | B21: 45862 | D21: kg | F21: 5.3 | G21: =+G20+E21-F21 -> 129.5 | H21: Nguyễn Thị Liên | I21: SX
A22: =+A21+1 -> 13 | B22: 45863 | D22: kg | F22: 6.1 | G22: =+G21+E22-F22 -> 123.4 | H22: Nguyễn Thị Liên | I22: Đóng hàng mẫu cho linh
A23: =+A22+1 -> 14 | B23: 45864 | D23: kg | F23: 4 | G23: =+G22+E23-F23 -> 119.4 | H23: Nguyễn Thị Liên | I23: SX
A24: =+A23+1 -> 15 | B24: 45887 | D24: kg | F24: 1.4 | G24: =+G23+E24-F24 -> 118 | H24: Nguyễn Thị Liên | I24: SX
A25: =+A24+1 -> 16 | B25: 45889 | D25: kg | F25: 1 | G25: =+G24+E25-F25 -> 117 | H25: Nguyễn Thị Liên | I25: SX
A26: =+A25+1 -> 17 | B26: 45896 | D26: kg | F26: 4.4 | G26: =+G25+E26-F26 -> 112.6 | H26: Nguyễn Thị Liên | I26: SX | K26: =5*25+17 -> 142
A27: =+A26+1 -> 18 | B27: 45897 | D27: kg | F27: 3.7 | G27: =+G26+E27-F27 -> 108.9 | H27: Nguyễn Thị Liên | I27: SX
A28: =+A27+1 -> 19 | B28: 45898 | D28: kg | F28: 3.7 | G28: =+G27+E28-F28 -> 105.2 | H28: Nguyễn Thị Liên | I28: SX
A29: =+A28+1 -> 20 | B29: 45903 | D29: kg | F29: 4.5 | G29: =+G28+E29-F29 -> 100.7 | H29: Nguyễn Thị Liên | I29: SX
A30: =+A29+1 -> 21 | B30: 45904 | D30: kg | F30: 3.2 | G30: =+G29+E30-F30 -> 97.5 | H30: Nguyễn Thị Liên | I30: SX
A31: =+A30+1 -> 22 | D31: kg | G31: =+G30+E31-F31 -> 97.5 | H31: Nguyễn Thị Liên | I31: SX
A32: =+A31+1 -> 23 | D32: kg | G32: =+G31+E32-F32 -> 97.5 | H32: Nguyễn Thị Liên | I32: SX
A33: =+A32+1 -> 24 | D33: kg | G33: =+G32+E33-F33 -> 97.5 | H33: Nguyễn Thị Liên | I33: SX
A34: =+A33+1 -> 25 | D34: kg | G34: =+G33+E34-F34 -> 97.5 | H34: Nguyễn Thị Liên | I34: SX
A35: =+A34+1 -> 26 | D35: kg | G35: =+G34+E35-F35 -> 97.5 | H35: Nguyễn Thị Liên | I35: SX
A36: =+A35+1 -> 27 | D36: kg | G36: =+G35+E36-F36 -> 97.5 | H36: Nguyễn Thị Liên
A37: =+A36+1 -> 28 | D37: kg | G37: =+G36+E37-F37 -> 97.5 | H37: Nguyễn Thị Liên | I37: SX
A38: =+A37+1 -> 29 | D38: kg | G38: =+G37+E38-F38 -> 97.5 | H38: Nguyễn Thị Liên | I38: SX
A39: =+A38+1 -> 30 | D39: kg | G39: =+G38+E39-F39 -> 97.5 | H39: Nguyễn Thị Liên | I39: SX
A40: =+A39+1 -> 31 | D40: kg | G40: =+G39+E40-F40 -> 97.5 | H40: Nguyễn Thị Liên | I40: SX
A41: =+A40+1 -> 32 | D41: kg | G41: =+G40+E41-F41 -> 97.5 | H41: Nguyễn Thị Liên | I41: SX
A42: =+A41+1 -> 33 | D42: kg | G42: =+G41+E42-F42 -> 97.5 | H42: Nguyễn Thị Liên | I42: SX
A43: =+A42+1 -> 34 | D43: kg | G43: =+G42+E43-F43 -> 97.5 | H43: Nguyễn Thị Liên | I43: SX
A44: =+A43+1 -> 35 | D44: kg | G44: =+G43+E44-F44 -> 97.5 | H44: Nguyễn Thị Liên | I44: SX
A45: =+A44+1 -> 36 | D45: kg | G45: =+G44+E45-F45 -> 97.5 | H45: Nguyễn Thị Liên | I45: SX
A46: =+A45+1 -> 37 | D46: kg | G46: =+G45+E46-F46 -> 97.5 | H46: Nguyễn Thị Liên | I46: SX
A47: =+A46+1 -> 38 | D47: kg | G47: =+G46+E47-F47 -> 97.5 | H47: Nguyễn Thị Liên | I47: SX
A48: =+A47+1 -> 39 | D48: kg | G48: =+G47+E48-F48 -> 97.5 | H48: Nguyễn Thị Liên | I48: SX
... A60: =+A59+1 -> 51 | D60: kg | G60: =+G59+E60-F60 -> 97.5 | H60: Nguyễn Thị Liên | I60: SX
A61: =+A60+1 -> 52 | D61: kg | G61: =+G60+E61-F61 -> 97.5 | H61: Nguyễn Thị Liên
A62: =+A61+1 -> 53 | D62: kg | G62: =+G61+E62-F62 -> 97.5 | H62: Nguyễn Thị Liên
A63: =+A62+1 -> 54 | D63: kg | G63: =+G62+E63-F63 -> 97.5 | H63: Nguyễn Thị Liên
A64: =+A63+1 -> 55 | D64: kg | G64: =+G63+E64-F64 -> 97.5 | H64: Nguyễn Thị Liên
A65: =+A64+1 -> 56 | D65: kg | G65: =+G64+E65-F65 -> 97.5 | H65: Nguyễn Thị Liên
A66: =+A65+1 -> 57 | D66: kg | G66: =+G65+E66-F66 -> 97.5 | H66: Nguyễn Thị Liên
A67: =+A66+1 -> 58 | D67: kg | G67: =+G66+E67-F67 -> 97.5 | H67: Nguyễn Thị Liên
A68: =+A67+1 -> 59 | D68: kg | G68: =+G67+E68-F68 -> 97.5 | H68: Nguyễn Thị Liên
A69: =+A68+1 -> 60 | D69: kg | G69: =+G68+E69-F69 -> 97.5 | H69: Nguyễn Thị Liên
A70: =+A69+1 -> 61 | D70: kg | G70: =+G69+E70-F70 -> 97.5 | H70: Nguyễn Thị Liên
A71: =+A70+1 -> 62 | D71: kg | G71: =+G70+E71-F71 -> 97.5 | H71: Nguyễn Thị Liên
A72: =+A71+1 -> 63 | D72: kg | G72: =+G71+E72-F72 -> 97.5 | H72: Nguyễn Thị Liên
... A87: =+A86+1 -> 78 | D87: kg | G87: =+G86+E87-F87 -> 97.5 | H87: Nguyễn Thị Liên
A88: =+A87+1 -> 79 | D88: kg | G88: =+G87+E88-F88 -> 97.5
A89: =+A88+1 -> 80 | G89: =+G88+E89-F89 -> 97.5
A90: =+A89+1 -> 81 | G90: =+G89+E90-F90 -> 97.5
A91: =+A90+1 -> 82 | G91: =+G90+E91-F91 -> 97.5
C92: Tổng cộng | E92: =SUM(E10:E91) -> 163 | F92: =SUM(F10:F91) -> 71.5 | G92: =+E92-F92+G9 -> 97.5

Sheet Bao trăng NK 33 600G
A1: Công ty TNHH Giấy Đông Á
A2: Thôn Mộc Ty, xã Trưng Trắc, huyện Văn Lâm, tỉnh Hưng Yên
A4: THẺ KHO NGUYÊN VẬT LIỆU
A8: STT | B8: Ngày tháng | C8: Tên nguyên vật liệu | D8: ĐVT | E8: Số lượng nhập | F8: Số lượng xuất | G8: Tồn | H8: Người nhận | I8: Ghi chú
J9: =497+10 -> 507
A10: 1 | B10: 45835 | C10: Bao trăng NK 33 600G | D10: kg | E10: 10 | F10: 1.2 | G10: =+G9+E10-F10 -> 8.8 | H10: Nguyễn Thị Liên
A11: =+A10+1 -> 2 | B11: 45836 | C11: Bao trăng NK 33 600G | D11: kg | F11: 2.5 | G11: =+G10+E11-F11 -> 6.3 | H11: Nguyễn Thị Liên | I11: SX
A12: =+A11+1 -> 3 | C12: Bao trăng NK 33 600G | D12: kg | G12: =+G11+E12-F12 -> 6.3 | H12: Nguyễn Thị Liên | I12: SX
A13: =+A12+1 -> 4 | C13: Bao trăng NK 33 600G | D13: kg | G13: =+G12+E13-F13 -> 6.3 | H13: Nguyễn Thị Liên | I13: SX
A14: =+A13+1 -> 5 | C14: Bao trăng NK 33 600G | D14: kg | G14: =+G13+E14-F14 -> 6.3 | H14: Nguyễn Thị Liên | I14: Xuât cho linh gửi NPP
A15: =+A14+1 -> 6 | G15: =+G14+E15-F15 -> 6.3 | H15: Nguyễn Thị Liên
A16: =+A15+1 -> 7 | D16: kg | G16: =+G15+E16-F16 -> 6.3 | H16: Nguyễn Thị Liên | I16: Xuất đóng hàng mẫu cuộn giấy vệ sinh cho linh | J16: =+F16+F18 -> 0
A17: =+A16+1 -> 8 | D17: kg | G17: =+G16+E17-F17 -> 6.3 | H17: Nguyễn Thị Liên | I17: SX
A18: =+A17+1 -> 9 | D18: kg | G18: =+G17+E18-F18 -> 6.3 | H18: Nguyễn Thị Liên | I18: SX
A19: =+A18+1 -> 10 | D19: kg | G19: =+G18+E19-F19 -> 6.3 | H19: Nguyễn Thị Liên | I19: SX
A20: =+A19+1 -> 11 | D20: kg | G20: =+G19+E20-F20 -> 6.3 | H20: Nguyễn Thị Liên | I20: SX
A21: =+A20+1 -> 12 | D21: kg | G21: =+G20+E21-F21 -> 6.3 | H21: Nguyễn Thị Liên | I21: SX
A22: =+A21+1 -> 13 | D22: kg | G22: =+G21+E22-F22 -> 6.3 | H22: Nguyễn Thị Liên | I22: Đóng hàng mẫu cho linh
A23: =+A22+1 -> 14 | D23: kg | G23: =+G22+E23-F23 -> 6.3 | H23: Nguyễn Thị Liên | I23: SX
A24: =+A23+1 -> 15 | D24: kg | G24: =+G23+E24-F24 -> 6.3 | H24: Nguyễn Thị Liên | I24: SX
A25: =+A24+1 -> 16 | D25: kg | G25: =+G24+E25-F25 -> 6.3 | H25: Nguyễn Thị Liên | I25: SX
A26: =+A25+1 -> 17 | D26: kg | G26: =+G25+E26-F26 -> 6.3 | H26: Nguyễn Thị Liên | I26: SX
A27: =+A26+1 -> 18 | D27: kg | G27: =+G26+E27-F27 -> 6.3 | H27: Nguyễn Thị Liên | I27: SX
A28: =+A27+1 -> 19 | D28: kg | G28: =+G27+E28-F28 -> 6.3 | H28: Nguyễn Thị Liên | I28: SX
... A35: =+A34+1 -> 26 | D35: kg | G35: =+G34+E35-F35 -> 6.3 | H35: Nguyễn Thị Liên | I35: SX
A36: =+A35+1 -> 27 | D36: kg | G36: =+G35+E36-F36 -> 6.3 | H36: Nguyễn Thị Liên
A37: =+A36+1 -> 28 | D37: kg | G37: =+G36+E37-F37 -> 6.3 | H37: Nguyễn Thị Liên | I37: SX
A38: =+A37+1 -> 29 | D38: kg | G38: =+G37+E38-F38 -> 6.3 | H38: Nguyễn Thị Liên | I38: SX
A39: =+A38+1 -> 30 | D39: kg | G39: =+G38+E39-F39 -> 6.3 | H39: Nguyễn Thị Liên | I39: SX
A40: =+A39+1 -> 31 | D40: kg | G40: =+G39+E40-F40 -> 6.3 | H40: Nguyễn Thị Liên | I40: SX
A41: =+A40+1 -> 32 | D41: kg | G41: =+G40+E41-F41 -> 6.3 | H41: Nguyễn Thị Liên | I41: SX
A42: =+A41+1 -> 33 | D42: kg | G42: =+G41+E42-F42 -> 6.3 | H42: Nguyễn Thị Liên | I42: SX
A43: =+A42+1 -> 34 | D43: kg | G43: =+G42+E43-F43 -> 6.3 | H43: Nguyễn Thị Liên | I43: SX
A44: =+A43+1 -> 35 | D44: kg | G44: =+G43+E44-F44 -> 6.3 | H44: Nguyễn Thị Liên | I44: SX
A45: =+A44+1 -> 36 | D45: kg | G45: =+G44+E45-F45 -> 6.3 | H45: Nguyễn Thị Liên | I45: SX
A46: =+A45+1 -> 37 | D46: kg | G46: =+G45+E46-F46 -> 6.3 | H46: Nguyễn Thị Liên | I46: SX
A47: =+A46+1 -> 38 | D47: kg | G47: =+G46+E47-F47 -> 6.3 | H47: Nguyễn Thị Liên | I47: SX
A48: =+A47+1 -> 39 | D48: kg | G48: =+G47+E48-F48 -> 6.3 | H48: Nguyễn Thị Liên | I48: SX
... A60: =+A59+1 -> 51 | D60: kg | G60: =+G59+E60-F60 -> 6.3 | H60: Nguyễn Thị Liên | I60: SX
A61: =+A60+1 -> 52 | D61: kg | G61: =+G60+E61-F61 -> 6.3 | H61: Nguyễn Thị Liên
A62: =+A61+1 -> 53 | D62: kg | G62: =+G61+E62-F62 -> 6.3 | H62: Nguyễn Thị Liên
A63: =+A62+1 -> 54 | D63: kg | G63: =+G62+E63-F63 -> 6.3 | H63: Nguyễn Thị Liên
A64: =+A63+1 -> 55 | D64: kg | G64: =+G63+E64-F64 -> 6.3 | H64: Nguyễn Thị Liên
A65: =+A64+1 -> 56 | D65: kg | G65: =+G64+E65-F65 -> 6.3 | H65: Nguyễn Thị Liên
A66: =+A65+1 -> 57 | D66: kg | G66: =+G65+E66-F66 -> 6.3 | H66: Nguyễn Thị Liên
A67: =+A66+1 -> 58 | D67: kg | G67: =+G66+E67-F67 -> 6.3 | H67: Nguyễn Thị Liên
A68: =+A67+1 -> 59 | D68: kg | G68: =+G67+E68-F68 -> 6.3 | H68: Nguyễn Thị Liên
A69: =+A68+1 -> 60 | D69: kg | G69: =+G68+E69-F69 -> 6.3 | H69: Nguyễn Thị Liên
A70: =+A69+1 -> 61 | D70: kg | G70: =+G69+E70-F70 -> 6.3 | H70: Nguyễn Thị Liên
A71: =+A70+1 -> 62 | D71: kg | G71: =+G70+E71-F71 -> 6.3 | H71: Nguyễn Thị Liên
A72: =+A71+1 -> 63 | D72: kg | G72: =+G71+E72-F72 -> 6.3 | H72: Nguyễn Thị Liên
... A87: =+A86+1 -> 78 | D87: kg | G87: =+G86+E87-F87 -> 6.3 | H87: Nguyễn Thị Liên
A88: =+A87+1 -> 79 | D88: kg | G88: =+G87+E88-F88 -> 6.3
A89: =+A88+1 -> 80 | G89: =+G88+E89-F89 -> 6.3
A90: =+A89+1 -> 81 | G90: =+G89+E90-F90 -> 6.3
A91: =+A90+1 -> 82 | G91: =+G90+E91-F91 -> 6.3
C92: Tổng cộng | E92: =SUM(E10:E91) -> 10 | F92: =SUM(F10:F91) -> 3.7 | G92: =+E92-F92+G9 -> 6.3

Sheet Nilon NK Lá cây
A1: Công ty TNHH Giấy Đông Á
A2: Thôn Mộc Ty, xã Trưng Trắc, huyện Văn Lâm, tỉnh Hưng Yên
A4: =+'[1]Nilong NKCB'!A4:I5 -> THẺ KHO NGUYÊN VẬT LIỆU
A7: STT | B7: Ngày tháng | C7: Tên nguyên vật liệu | D7: ĐVT | E7: Số lượng nhập | F7: Số lượng xuất | G7: Tồn | H7: Người nhận | I7: Nơi nhận
B8: 45658 | C8: Tồn đầu kỳ | G8: 44.9
A9: 1 | B9: 45665 | C9: Túi nilong NK 33*33 lá xanh | D9: Kg | F9: 1.8 | G9: =+G8+E9-F9 -> 43.1 | H9: Nguyễn Thị T.Tâm | I9: SX
A10: =+A9+1 -> 2 | B10: 45666 | C10: Túi nilong NK 33*33 lá xanh | D10: Kg | F10: 0.4 | G10: =+G9+E10-F10 -> 42.7 | H10: Nguyễn Thị T.Tâm | I10: SX
A11: =+A10+1 -> 3 | B11: 45877 | C11: Túi nilong NK 33*33 lá xanh | D11: Kg | F11: 1.9 | G11: =+G10+E11-F11 -> 40.8 | H11: Nguyễn Thị T.Tâm | I11: SX
A12: =+A11+1 -> 4 | B12: 45878 | C12: Túi nilong NK 33*33 lá xanh | D12: Kg | F12: 0.5 | G12: =+G11+E12-F12 -> 40.3 | H12: Nguyễn Thị T.Tâm | I12: SX
A13: =+A12+1 -> 5 | C13: Túi nilong NK 33*33 lá xanh | D13: Kg | G13: =+G12+E13-F13 -> 40.3 | H13: Nguyễn Thị T.Tâm | I13: SX
A14: =+A13+1 -> 6 | G14: =+G13+E14-F14 -> 40.3
A15: =+A14+1 -> 7 | G15: =+G14+E15-F15 -> 40.3
A16: =+A15+1 -> 8 | G16: =+G15+E16-F16 -> 40.3
A17: =+A16+1 -> 9 | G17: =+G16+E17-F17 -> 40.3
A18: =+A17+1 -> 10 | G18: =+G17+E18-F18 -> 40.3
A19: =+A18+1 -> 11 | G19: =+G18+E19-F19 -> 40.3
A20: =+A19+1 -> 12 | G20: =+G19+E20-F20 -> 40.3
A21: =+A20+1 -> 13 | G21: =+G20+E21-F21 -> 40.3
A22: =+A21+1 -> 14 | G22: =+G21+E22-F22 -> 40.3
A23: =+A22+1 -> 15 | G23: =+G22+E23-F23 -> 40.3
A24: =+A23+1 -> 16 | G24: =+G23+E24-F24 -> 40.3
A25: =+A24+1 -> 17 | G25: =+G24+E25-F25 -> 40.3
... A27: =+A26+1 -> 19 | G27: =+G26+E27-F27 -> 40.3
G28: =+G27+E28-F28 -> 40.3
G29: =+G28+E29-F29 -> 40.3
G30: =+G29+E30-F30 -> 40.3
G31: =+G30+E31-F31 -> 40.3
G32: =+G31+E32-F32 -> 40.3
G33: =+G32+E33-F33 -> 40.3
A34: =+A27+1 -> 20 | G34: =+G33+E34-F34 -> 40.3
A35: =+A34+1 -> 21 | G35: =+G34+E35-F35 -> 40.3
A36: =+A35+1 -> 22 | G36: =+G35+E36-F36 -> 40.3
A37: =+A36+1 -> 23 | G37: =+G36+E37-F37 -> 40.3
A38: =+A37+1 -> 24 | G38: =+G37+E38-F38 -> 40.3
A39: =+A38+1 -> 25 | G39: =+G38+E39-F39 -> 40.3
A40: =+A39+1 -> 26 | G40: =+G39+E40-F40 -> 40.3
C41: Tổng cộng | E41: =SUM(E9:E40) -> 0 | F41: =SUM(F9:F40) -> 4.6 | G41: =+E41-F41+G8 -> 40.3

Sheet Túi nilong tròn 33
A1: Công ty TNHH Giấy Đông Á
A2: Thôn Mộc Ty, xã Trưng Trắc, huyện Văn Lâm, tỉnh Hưng Yên
A4: =+'[1]Nilong NKCB'!A4:I5 -> THẺ KHO NGUYÊN VẬT LIỆU
A7: STT | B7: Ngày tháng | C7: Tên nguyên vật liệu | D7: ĐVT | E7: Số lượng nhập | F7: Số lượng xuất | G7: Tồn | H7: Người nhận | I7: Nơi nhận
B8: 45658 | C8: Tồn đầu kỳ | G8: 360.9
A9: 1 | B9: 45664 | C9: Túi nilong Napkin hoa văn tròn 33*33 | D9: kg | F9: 0.2 | G9: =+G8+E9-F9 -> 360.7 | H9: Nguyễn Thị Thanh Tâm | I9: SX
A10: =+A9+1 -> 2 | B10: 45665 | C10: Túi nilong Napkin hoa văn tròn 33*33 | D10: kg | F10: 1 | G10: =+G9+E10-F10 -> 359.7 | H10: Nguyễn Thị Thanh Tâm | I10: SX
A11: =+A10+1 -> 3 | B11: 45666 | C11: Túi nilong Napkin hoa văn tròn 33*33 | D11: kg | F11: 0.8 | G11: =+G10+E11-F11 -> 358.9 | H11: Nguyễn Thị Thanh Tâm | I11: SX
A12: =+A11+1 -> 4 | B12: 45866 | C12: Túi nilong Napkin hoa văn tròn 33*33 | D12: kg | F12: 1 | G12: =+G11+E12-F12 -> 357.9 | H12: Nguyễn Thị Thanh Tâm | I12: SX
A13: =+A12+1 -> 5 | B13: 45867 | C13: Túi nilong Napkin hoa văn tròn 33*33 | D13: kg | F13: 1.7 | G13: =+G12+E13-F13 -> 356.2 | H13: Nguyễn Thị Thanh Tâm | I13: SX
A14: =+A13+1 -> 6 | B14: 45877 | C14: Túi nilong Napkin hoa văn tròn 33*33 | D14: kg | F14: 0.8 | G14: =+G13+E14-F14 -> 355.4 | H14: Nguyễn Thị Thanh Tâm | I14: SX
A15: =+#REF!+1 -> #REF! | B15: 45889 | C15: Túi nilong Napkin hoa văn tròn 33*33 | D15: kg | F15: 1 | G15: =+G14+E15-F15 -> 354.4
A16: =+A15+1 -> #REF! | B16: 45890 | C16: Túi nilong Napkin hoa văn tròn 33*33 | D16: kg | F16: 2.5 | G16: =+G15+E16-F16 -> 351.9
A17: =+A16+1 -> #REF! | B17: 45898 | C17: Túi nilong Napkin hoa văn tròn 33*33 | D17: kg | F17: 0.3 | G17: =+G16+E17-F17 -> 351.6
A18: =+A17+1 -> #REF! | C18: Túi nilong Napkin hoa văn tròn 33*33 | D18: kg | G18: =+G17+E18-F18 -> 351.6
A19: =+A18+1 -> #REF! | C19: Túi nilong Napkin hoa văn tròn 33*33 | D19: kg | G19: =+G18+E19-F19 -> 351.6
A20: =+A19+1 -> #REF! | C20: Túi nilong Napkin hoa văn tròn 33*33 | D20: kg | G20: =+G19+E20-F20 -> 351.6
A21: =+A20+1 -> #REF! | G21: =+G20+E21-F21 -> 351.6
A22: =+A21+1 -> #REF! | G22: =+G21+E22-F22 -> 351.6
A23: =+A22+1 -> #REF! | G23: =+G22+E23-F23 -> 351.6
A24: =+A23+1 -> #REF! | G24: =+G23+E24-F24 -> 351.6
A25: =+A24+1 -> #REF! | G25: =+G24+E25-F25 -> 351.6
A26: =+A25+1 -> #REF! | G26: =+G25+E26-F26 -> 351.6
A27: =+A26+1 -> #REF! | G27: =+G26+E27-F27 -> 351.6
A28: =+A27+1 -> #REF! | G28: =+G27+E28-F28 -> 351.6
A29: =+A28+1 -> #REF! | G29: =+G28+E29-F29 -> 351.6
A30: =+A29+1 -> #REF! | G30: =+G29+E30-F30 -> 351.6
A31: =+A30+1 -> #REF! | G31: =+G30+E31-F31 -> 351.6
A32: =+A31+1 -> #REF! | G32: =+G31+E32-F32 -> 351.6
A33: =+A32+1 -> #REF! | G33: =+G32+E33-F33 -> 351.6
C34: Tổng cộng | E34: =SUM(E9:E33) -> 0 | F34: =SUM(F9:F33) -> 9.3 | G34: =+E34-F34+G8 -> 351.6

Sheet Túi nilong tròn 23
A1: Công ty TNHH Giấy Đông Á
A2: Thôn Mộc Ty, xã Trưng Trắc, huyện Văn Lâm, tỉnh Hưng Yên
A4: =+'[1]Nilong NKCB'!A4:I5 -> THẺ KHO NGUYÊN VẬT LIỆU
A7: STT | B7: Ngày tháng | C7: Tên nguyên vật liệu | D7: ĐVT | E7: Số lượng nhập | F7: Số lượng xuất | G7: Tồn | H7: Người nhận | I7: Nơi nhận
B8: 45658 | C8: Tồn đầu kỳ | G8: 366
A9: 1 | B9: 45665 | C9: Túi nilong Napkin hoa văn tròn 23*23 | D9: kg | G9: =+G8+E9-F9 -> 366 | H9: Nguyễn Ngọc giao | I9: Gửi vào sg thay vỏ
A10: =+A9+1 -> 2 | C10: Túi nilong Napkin hoa văn tròn 23*23 | D10: kg | G10: =+G9+E10-F10 -> 366 | H10: Nguyễn thanh tâm | I10: SX
A11: =+A10+1 -> 3 | C11: Túi nilong Napkin hoa văn tròn 23*23 | D11: kg | G11: =+G10+E11-F11 -> 366 | H11: Nguyễn thanh tâm | I11: SX
A12: =+A11+1 -> 4 | C12: Túi nilong Napkin hoa văn tròn 23*23 | D12: kg | G12: =+G11+E12-F12 -> 366
A13: =+A12+1 -> 5 | C13: Túi nilong Napkin hoa văn tròn 23*23 | D13: kg | G13: =+G12+E13-F13 -> 366
A14: =+A13+1 -> 6 | C14: Túi nilong Napkin hoa văn tròn 23*23 | D14: kg | G14: =+G13+E14-F14 -> 366
A15: =+A14+1 -> 7 | C15: Túi nilong Napkin hoa văn tròn 23*23 | D15: kg | G15: =+G14+E15-F15 -> 366
A16: =+A15+1 -> 8 | C16: Túi nilong Napkin hoa văn tròn 23*23 | D16: kg | G16: =+G15+E16-F16 -> 366
A17: =+A16+1 -> 9 | C17: Túi nilong Napkin hoa văn tròn 23*23 | D17: kg | G17: =+G16+E17-F17 -> 366
A18: =+A17+1 -> 10 | C18: Túi nilong Napkin hoa văn tròn 23*23 | D18: kg | G18: =+G17+E18-F18 -> 366
A19: =+A18+1 -> 11 | C19: Túi nilong Napkin hoa văn tròn 23*23 | D19: kg | G19: =+G18+E19-F19 -> 366
A20: =+A19+1 -> 12 | C20: Túi nilong Napkin hoa văn tròn 23*23 | D20: kg | G20: =+G19+E20-F20 -> 366
A21: =+A20+1 -> 13 | C21: Túi nilong Napkin hoa văn tròn 23*23 | D21: kg | G21: =+G20+E21-F21 -> 366
A22: =+A21+1 -> 14 | C22: Túi nilong Napkin hoa văn tròn 23*23 | G22: =+G21+E22-F22 -> 366
A23: =+A22+1 -> 15 | C23: Túi nilong Napkin hoa văn tròn 23*23 | G23: =+G22+E23-F23 -> 366
A24: =+A23+1 -> 16 | C24: Túi nilong Napkin hoa văn tròn 23*23 | G24: =+G23+E24-F24 -> 366
A25: =+A24+1 -> 17 | C25: Túi nilong Napkin hoa văn tròn 23*23 | G25: =+G24+E25-F25 -> 366
A26: =+A25+1 -> 18 | C26: Túi nilong Napkin hoa văn tròn 23*23 | G26: =+G25+E26-F26 -> 366
A27: =+A26+1 -> 19 | C27: Túi nilong Napkin hoa văn tròn 23*23 | G27: =+G26+E27-F27 -> 366
A28: =+A27+1 -> 20 | C28: Túi nilong Napkin hoa văn tròn 23*23 | G28: =+G27+E28-F28 -> 366
A29: =+A28+1 -> 21 | C29: Túi nilong Napkin hoa văn tròn 23*23 | G29: =+G28+E29-F29 -> 366
A30: =+A29+1 -> 22 | C30: Túi nilong Napkin hoa văn tròn 23*23 | G30: =+G29+E30-F30 -> 366
A31: =+A30+1 -> 23 | C31: Túi nilong Napkin hoa văn tròn 23*23 | G31: =+G30+E31-F31 -> 366
A32: =+A31+1 -> 24 | C32: Túi nilong Napkin hoa văn tròn 23*23 | G32: =+G31+E32-F32 -> 366
A33: =+A32+1 -> 25 | C33: Túi nilong Napkin hoa văn tròn 23*23 | G33: =+G32+E33-F33 -> 366
A34: =+A33+1 -> 26 | G34: =+G33+E34-F34 -> 366
C35: Tổng cộng | E35: =SUM(E9:E34) -> 0 | F35: =SUM(F9:F34) -> 0 | G35: =+E35-F35+G8 -> 366

Sheet Túi GVS 2 lớp 10 cuộn Có lõi
A1: Công ty TNHH Giấy Đông Á
A2: Thôn Mộc Ty, xã Trưng Trắc, huyện Văn Lâm, tỉnh Hưng Yên
A4: =+'[1]Nilong NKCB'!A4:I5 -> THẺ KHO NGUYÊN VẬT LIỆU
A7: STT | B7: Ngày tháng | C7: Tên nguyên vật liệu | D7: ĐVT | E7: Số lượng nhập | F7: Số lượng xuất | G7: Tồn | H7: Người nhận | I7: Nơi nhận
B8: 45658 | C8: Tồn đầu kỳ | G8: 342.3
A9: 1 | C9: Túi giấy vệ sinh 10 cuộn 2 lớp có lõi 207*710*94 | D9: kg | G9: =+G8+E9-F9 -> 342.3 | H9: Nguyễn Thị Liên | I9: SX
A10: =+A9+1 -> 2 | C10: Túi giấy vệ sinh 10 cuộn 2 lớp có lõi 207*710*94 | D10: kg | G10: =+G9+E10-F10 -> 342.3
A11: =+A10+1 -> 3 | C11: Túi giấy vệ sinh 10 cuộn 2 lớp có lõi 207*710*94 | D11: kg | G11: =+G10+E11-F11 -> 342.3
A12: =+A11+1 -> 4 | D12: kg | G12: =+G11+E12-F12 -> 342.3
A13: =+A12+1 -> 5 | D13: kg | G13: =+G12+E13-F13 -> 342.3
A14: =+A13+1 -> 6 | D14: kg | G14: =+G13+E14-F14 -> 342.3 | K14: =351/30 -> 11.7
A15: =+A14+1 -> 7 | D15: kg | G15: =+G14+E15-F15 -> 342.3
A16: =+A15+1 -> 8 | D16: kg | G16: =+G15+E16-F16 -> 342.3 | K16: =11*30+21.4 -> 351.4
A17: =+A16+1 -> 9 | D17: kg | G17: =+G16+E17-F17 -> 342.3
A18: =+A17+1 -> 10 | D18: kg | G18: =+G17+E18-F18 -> 342.3
A19: =+A18+1 -> 11 | D19: kg | G19: =+G18+E19-F19 -> 342.3
A20: =+A19+1 -> 12 | D20: kg | G20: =+G19+E20-F20 -> 342.3
A21: =+A20+1 -> 13 | D21: kg | G21: =+G20+E21-F21 -> 342.3
A22: =+A21+1 -> 14 | G22: =+G21+E22-F22 -> 342.3
A23: =+A22+1 -> 15 | G23: =+G22+E23-F23 -> 342.3
A24: =+A23+1 -> 16 | G24: =+G23+E24-F24 -> 342.3
A25: =+A24+1 -> 17 | G25: =+G24+E25-F25 -> 342.3
A26: =+A25+1 -> 18 | G26: =+G25+E26-F26 -> 342.3
A27: =+A26+1 -> 19 | G27: =+G26+E27-F27 -> 342.3
A28: =+A27+1 -> 20 | G28: =+G27+E28-F28 -> 342.3
A29: =+A28+1 -> 21 | G29: =+G28+E29-F29 -> 342.3
A30: =+A29+1 -> 22 | G30: =+G29+E30-F30 -> 342.3
A31: =+A30+1 -> 23 | G31: =+G30+E31-F31 -> 342.3
A32: =+A31+1 -> 24 | G32: =+G31+E32-F32 -> 342.3
A33: =+A32+1 -> 25 | G33: =+G32+E33-F33 -> 342.3
A34: =+A33+1 -> 26 | G34: =+G33+E34-F34 -> 342.3
C35: Tổng cộng | E35: =SUM(E9:E34) -> 0 | F35: =SUM(F9:F34) -> 0 | G35: =+E35-F35+G8 -> 342.3

Sheet Túi GVS 10 cuộn 3 lớp Có lõi 
A1: Công ty TNHH Giấy Đông Á
A2: Thôn Mộc Ty, xã Trưng Trắc, huyện Văn Lâm, tỉnh Hưng Yên
A4: =+'[1]Nilong NKCB'!A4:I5 -> THẺ KHO NGUYÊN VẬT LIỆU
A7: STT | B7: Ngày tháng | C7: Tên nguyên vật liệu | D7: ĐVT | E7: Số lượng nhập | F7: Số lượng xuất | G7: Tồn | H7: Người nhận | I7: Nơi nhận
B8: 45658 | G8: 73.5
A9: 1 | B9: 45679 | C9: Túi giấy vệ sinh 3 lớp có lõi xanh ngọc | D9: kg | F9: 6 | G9: =+G8+E9-F9 -> 67.5 | H9: Nguyễn Thị Thanh Tâm | I9: SX | J9: nhận về 198,7 nhwung có 0,5kg bao lỗi
A10: =+A9+1 -> 2 | B10: 45680 | C10: Túi giấy vệ sinh 3 lớp có lõi xanh ngọc | D10: kg | F10: 10.2 | G10: =+G9+E10-F10 -> 57.3 | J10: Trung bình 1kg = 48 cái
A11: =+A10+1 -> 3 | B11: 45681 | C11: Túi giấy vệ sinh 3 lớp có lõi xanh ngọc | D11: kg | F11: 1 | G11: =+G10+E11-F11 -> 56.3
A12: =+A11+1 -> 4 | B12: 45730 | C12: Túi giấy vệ sinh 3 lớp có lõi xanh ngọc | D12: kg | F12: 12.8 | G12: =+G11+E12-F12 -> 43.5
A13: =+A12+1 -> 5 | B13: 45731 | C13: Túi giấy vệ sinh 3 lớp có lõi xanh ngọc | D13: kg | F13: 6.6 | G13: =+G12+E13-F13 -> 36.9
A14: =+A13+1 -> 6 | B14: 45752 | C14: Túi giấy vệ sinh 3 lớp có lõi xanh ngọc | D14: kg | F14: 1.1 | G14: =+G13+E14-F14 -> 35.8 | K14: =351/30 -> 11.7
A15: =+A14+1 -> 7 | B15: 45755 | C15: Túi giấy vệ sinh 3 lớp có lõi xanh ngọc | D15: kg | F15: 14 | G15: =+G14+E15-F15 -> 21.8
A16: =+A15+1 -> 8 | B16: 45756 | C16: Túi giấy vệ sinh 3 lớp có lõi xanh ngọc | D16: kg | F16: 19.1 | G16: =+G15+E16-F16 -> 2.7 | K16: =11*30+21.4 -> 351.4
A17: =+A16+1 -> 9 | B17: 45785 | C17: Túi giấy vệ sinh 3 lớp có lõi xanh ngọc | D17: kg | E17: 219 | G17: =+G16+E17-F17 -> 221.7 | I17: Nhận minh khôi
A18: =+A17+1 -> 10 | B18: 45787 | C18: Túi giấy vệ sinh 3 lớp có lõi xanh ngọc | D18: kg | F18: 2.2 | G18: =+G17+E18-F18 -> 219.5
A19: =+A18+1 -> 11 | B19: 45789 | C19: Túi giấy vệ sinh 3 lớp có lõi xanh ngọc | D19: kg | F19: 11.1 | G19: =+G18+E19-F19 -> 208.4
A20: =+A19+1 -> 12 | B20: 45790 | C20: Túi giấy vệ sinh 3 lớp có lõi xanh ngọc | D20: kg | F20: 8.8 | G20: =+G19+E20-F20 -> 199.6
A21: =+A20+1 -> 13 | B21: 45794 | C21: Túi giấy vệ sinh 3 lớp có lõi xanh ngọc | D21: kg | F21: 1.7 | G21: =+G20+E21-F21 -> 197.9
A22: =+A21+1 -> 14 | B22: 45801 | C22: Túi giấy vệ sinh 3 lớp có lõi xanh ngọc | D22: kg | F22: 9.3 | G22: =+G21+E22-F22 -> 188.6
A23: =+A22+1 -> 15 | B23: 45803 | C23: Túi giấy vệ sinh 3 lớp có lõi xanh ngọc | D23: kg | F23: 24.6 | G23: =+G22+E23-F23 -> 164
A24: =+A23+1 -> 16 | B24: 45804 | C24: Túi giấy vệ sinh 3 lớp có lõi xanh ngọc | D24: kg | F24: 2.8 | G24: =+G23+E24-F24 -> 161.2
A25: =+A24+1 -> 17 | B25: 45833 | C25: Túi giấy vệ sinh 3 lớp có lõi xanh ngọc | D25: kg | F25: 13.8 | G25: =+G24+E25-F25 -> 147.4
A26: =+A25+1 -> 18 | B26: 45834 | C26: Túi giấy vệ sinh 3 lớp có lõi xanh ngọc | D26: kg | F26: 19.7 | G26: =+G25+E26-F26 -> 127.7 | H26: kk124,7 | I26: kk124,7
A27: =+A26+1 -> 19 | B27: 45840 | C27: Túi giấy vệ sinh 3 lớp có lõi xanh ngọc | D27: kg | F27: 2.1 | G27: =+G26+E27-F27 -> 125.6
A28: =+A27+1 -> 20 | B28: 45841 | C28: Túi giấy vệ sinh 3 lớp có lõi xanh ngọc | D28: kg | F28: 16.5 | G28: =+G27+E28-F28 -> 109.1
A29: =+A28+1 -> 21 | B29: 45853 | C29: Túi giấy vệ sinh 3 lớp có lõi xanh ngọc | D29: kg | F29: 10.3 | G29: =+G28+E29-F29 -> 98.8
A30: =+A29+1 -> 22 | B30: 45854 | C30: Túi giấy vệ sinh 3 lớp có lõi xanh ngọc | D30: kg | F30: 20.8 | G30: =+G29+E30-F30 -> 78
A31: =+A30+1 -> 23 | B31: 45855 | C31: Túi giấy vệ sinh 3 lớp có lõi xanh ngọc | D31: kg | F31: 6.4 | G31: =+G30+E31-F31 -> 71.6
A32: =+A31+1 -> 24 | B32: 45856 | C32: Túi giấy vệ sinh 3 lớp có lõi xanh ngọc | D32: kg | F32: 7.2 | G32: =+G31+E32-F32 -> 64.4
A33: =+A32+1 -> 25 | B33: 45857 | C33: Túi giấy vệ sinh 3 lớp có lõi xanh ngọc | D33: kg | F33: 8 | G33: =+G32+E33-F33 -> 56.4
A34: =+A33+1 -> 26 | B34: 45873 | C34: Túi giấy vệ sinh 3 lớp có lõi xanh ngọc | D34: kg | F34: 23.5 | G34: =+G33+E34-F34 -> 32.9
A35: =+A34+1 -> 27 | B35: 45875 | F35: 7 | G35: =+G34+E35-F35 -> 25.9
A36: =+A35+1 -> 28 | B36: 45880 | E36: 165 | F36: 11.4 | G36: =+G35+E36-F36 -> 179.5
A37: =+A36+1 -> 29 | B37: 45881 | F37: 17.9 | G37: =+G36+E37-F37 -> 161.6
A38: =+A37+1 -> 30 | B38: 45882 | F38: 5.9 | G38: =+G37+E38-F38 -> 155.7
A39: =+A38+1 -> 31 | C39: Xuất cho khớp mi xa | F39: 5.8 | G39: =+G38+E39-F39 -> 149.9 | K39: =155.7-149.9 -> 5.8
A40: =+A39+1 -> 32 | B40: 45916 | F40: 13.2 | G40: =+G39+E40-F40 -> 136.7
A41: =+A40+1 -> 33 | B41: 45932 | F41: 11.2 | G41: =+G40+E41-F41 -> 125.5
A42: =+A41+1 -> 34 | B42: 45933 | F42: 13.3 | G42: =+G41+E42-F42 -> 112.2
A43: =+A42+1 -> 35 | B43: 45936 | F43: 12.3 | G43: =+G42+E43-F43 -> 99.9
A44: =+A43+1 -> 36 | B44: 45937 | F44: 14.5 | G44: =+G43+E44-F44 -> 85.4
A45: =+A44+1 -> 37 | G45: =+G44+E45-F45 -> 85.4
A46: =+A45+1 -> 38 | G46: =+G45+E46-F46 -> 85.4
A47: =+A46+1 -> 39 | G47: =+G46+E47-F47 -> 85.4
A48: =+A47+1 -> 40 | G48: =+G47+E48-F48 -> 85.4
A49: =+A48+1 -> 41 | G49: =+G48+E49-F49 -> 85.4
A50: =+A49+1 -> 42 | G50: =+G49+E50-F50 -> 85.4
A51: =+A50+1 -> 43 | G51: =+G50+E51-F51 -> 85.4
A52: =+A51+1 -> 44 | G52: =+G51+E52-F52 -> 85.4
A53: =+A52+1 -> 45 | G53: =+G52+E53-F53 -> 85.4
A54: =+A53+1 -> 46 | G54: =+G53+E54-F54 -> 85.4
A55: =+A54+1 -> 47 | G55: =+G54+E55-F55 -> 85.4
A56: =+A55+1 -> 48 | G56: =+G55+E56-F56 -> 85.4
A57: =+A56+1 -> 49 | G57: =+G56+E57-F57 -> 85.4
A58: =+A57+1 -> 50 | C58: Tổng cộng | E58: =SUM(E9:E57) -> 384 | F58: =SUM(F9:F57) -> 372.1 | G58: =+E58-F58+G8 -> 85.4

Sheet Túi GVS 12 cuộn 3 lớp Có lõi. 
A1: Công ty TNHH Giấy Đông Á
A2: Thôn Mộc Ty, xã Trưng Trắc, huyện Văn Lâm, tỉnh Hưng Yên
A4: =+'[1]Nilong NKCB'!A4:I5 -> THẺ KHO NGUYÊN VẬT LIỆU
A7: STT | B7: Ngày tháng | C7: Tên nguyên vật liệu | D7: ĐVT | E7: Số lượng nhập | F7: Số lượng xuất | G7: Tồn | H7: Người nhận | I7: Nơi nhận
B8: 45658 | G8: 273.8 | J8: Trung bình 1kg = 37 cái
A9: 1 | B9: 45730 | C9: Túi giấy vệ sinh 3 lớp 12 cuộn có lõi xanh ngọc M956 | D9: kg | F9: 0.7 | G9: =+G8+E9-F9 -> 273.1
A10: =+A9+1 -> 2 | C10: Túi giấy vệ sinh 3 lớp 12 cuộn có lõi xanh ngọc M956 | D10: kg | G10: =+G9+E10-F10 -> 273.1 | H10: Nguyễn Thị Liên | I10: SX
A11: =+A10+1 -> 3 | C11: Túi giấy vệ sinh 3 lớp 12 cuộn có lõi xanh ngọc M956 | D11: kg | G11: =+G10+E11-F11 -> 273.1 | H11: Nguyễn Thị Liên | I11: SX
A12: =+A11+1 -> 4 | C12: Túi giấy vệ sinh 3 lớp 12 cuộn có lõi xanh ngọc M956 | D12: kg | G12: =+G11+E12-F12 -> 273.1 | H12: Nguyễn Thị Liên | I12: SX
A13: =+A12+1 -> 5 | C13: Túi giấy vệ sinh 3 lớp 12 cuộn có lõi xanh ngọc M956 | D13: kg | G13: =+G12+E13-F13 -> 273.1
A14: =+A13+1 -> 6 | C14: Túi giấy vệ sinh 3 lớp 12 cuộn có lõi xanh ngọc M956 | D14: kg | G14: =+G13+E14-F14 -> 273.1 | H14: Nguyễn Thị Liên | I14: SX | K14: =351/30 -> 11.7
A15: =+A14+1 -> 7 | C15: Túi giấy vệ sinh 3 lớp 12 cuộn có lõi xanh ngọc M956 | D15: kg | G15: =+G14+E15-F15 -> 273.1 | H15: Nguyễn Thị Liên | I15: SX
A16: =+A15+1 -> 8 | C16: Túi giấy vệ sinh 3 lớp 12 cuộn có lõi xanh ngọc M956 | D16: kg | G16: =+G15+E16-F16 -> 273.1 | H16: Nguyễn Thị Liên | I16: SX | K16: =11*30+21.4 -> 351.4
A17: =+A16+1 -> 9 | C17: Túi giấy vệ sinh 3 lớp 12 cuộn có lõi xanh ngọc M956 | D17: kg | G17: =+G16+E17-F17 -> 273.1 | H17: Nguyễn Thị Liên | I17: SX
A18: =+A17+1 -> 10 | C18: Túi giấy vệ sinh 3 lớp 12 cuộn có lõi xanh ngọc M956 | D18: kg | G18: =+G17+E18-F18 -> 273.1 | H18: Nguyễn Thị Liên | I18: SX
A19: =+A18+1 -> 11 | C19: Túi giấy vệ sinh 3 lớp 12 cuộn có lõi xanh ngọc M956 | D19: kg | G19: =+G18+E19-F19 -> 273.1 | H19: Nguyễn Thị Liên | I19: SX
A20: =+A19+1 -> 12 | C20: Túi giấy vệ sinh 3 lớp 12 cuộn có lõi xanh ngọc M956 | D20: kg | G20: =+G19+E20-F20 -> 273.1 | H20: Nguyễn Thị Liên | I20: SX
A21: =+A20+1 -> 13 | C21: Túi giấy vệ sinh 3 lớp 12 cuộn có lõi xanh ngọc M956 | D21: kg | G21: =+G20+E21-F21 -> 273.1 | H21: Nguyễn Thị Liên | I21: SX
A22: =+A21+1 -> 14 | C22: Túi giấy vệ sinh 3 lớp 12 cuộn có lõi xanh ngọc M956 | D22: kg | G22: =+G21+E22-F22 -> 273.1 | H22: Nguyễn Thị Liên | I22: SX | M22: =270/37 -> 7.2972973
A23: =+A22+1 -> 15 | C23: Túi giấy vệ sinh 3 lớp 12 cuộn có lõi xanh ngọc M956 | D23: kg | G23: =+G22+E23-F23 -> 273.1
A24: =+A23+1 -> 16 | C24: Túi giấy vệ sinh 3 lớp 12 cuộn có lõi xanh ngọc M956 | D24: kg | G24: =+G23+E24-F24 -> 273.1 | H24: Nguyễn Thị Liên | I24: SX
A25: =+A24+1 -> 17 | C25: Túi giấy vệ sinh 3 lớp 12 cuộn có lõi xanh ngọc M956 | D25: kg | G25: =+G24+E25-F25 -> 273.1 | H25: Nguyễn Thị Liên | I25: SX
A26: =+A25+1 -> 18 | C26: Túi giấy vệ sinh 3 lớp 12 cuộn có lõi xanh ngọc M956 | D26: kg | G26: =+G25+E26-F26 -> 273.1 | H26: Nguyễn Thị Liên | I26: SX
A27: =+A26+1 -> 19 | C27: Túi giấy vệ sinh 3 lớp 12 cuộn có lõi xanh ngọc M956 | D27: kg | G27: =+G26+E27-F27 -> 273.1 | H27: Nguyễn Thị Liên | I27: SX
A28: =+A27+1 -> 20 | C28: Túi giấy vệ sinh 3 lớp 12 cuộn có lõi xanh ngọc M956 | D28: kg | G28: =+G27+E28-F28 -> 273.1 | H28: Nguyễn Thị Liên | I28: SX
A29: =+A28+1 -> 21 | C29: Túi giấy vệ sinh 3 lớp 12 cuộn có lõi xanh ngọc M956 | D29: kg | G29: =+G28+E29-F29 -> 273.1 | H29: Nguyễn Thị Liên | I29: SX
A30: =+A29+1 -> 22 | C30: Túi giấy vệ sinh 3 lớp 12 cuộn có lõi xanh ngọc M956 | D30: kg | G30: =+G29+E30-F30 -> 273.1 | H30: Nguyễn Thị Liên | I30: SX
A31: =+A30+1 -> 23 | C31: Túi giấy vệ sinh 3 lớp 12 cuộn có lõi xanh ngọc M956 | D31: kg | G31: =+G30+E31-F31 -> 273.1 | H31: Nguyễn Thị Liên | I31: SX | J31: =37-13 -> 24
C32: Túi giấy vệ sinh 3 lớp 12 cuộn có lõi xanh ngọc M956 | D32: kg | G32: =+G31+E32-F32 -> 273.1 | H32: Nguyễn Thị Liên | I32: SX | K32: =11+30+3*30 -> 131
C33: Túi giấy vệ sinh 3 lớp 12 cuộn có lõi xanh ngọc M956 | D33: kg | G33: =+G32+E33-F33 -> 273.1 | H33: Nguyễn Thị Liên | I33: SX
C34: Túi giấy vệ sinh 3 lớp 12 cuộn có lõi xanh ngọc M956 | D34: kg | G34: =+G33+E34-F34 -> 273.1 | H34: Nguyễn Thị Liên | I34: SX
C35: Túi giấy vệ sinh 3 lớp 12 cuộn có lõi xanh ngọc M956 | D35: kg | G35: =+G34+E35-F35 -> 273.1 | H35: Nguyễn Thị Liên | I35: SX | K35: =11+30+3*30 -> 131
C36: Túi giấy vệ sinh 3 lớp 12 cuộn có lõi xanh ngọc M956 | D36: kg | G36: =+G35+E36-F36 -> 273.1 | H36: Nguyễn Thị Liên | I36: SX
G37: =+G36+E37-F37 -> 273.1 | H37: Nguyễn Thị Liên | I37: SX
G38: =+G37+E38-F38 -> 273.1 | H38: Nguyễn Thị Liên | I38: SX
G39: =+G38+E39-F39 -> 273.1 | H39: Nguyễn Thị Liên | I39: SX
G40: =+G39+E40-F40 -> 273.1 | H40: Nguyễn Thị Liên | I40: SX
G41: =+G40+E41-F41 -> 273.1 | H41: Nguyễn Thị Liên | I41: SX
G42: =+G41+E42-F42 -> 273.1 | H42: Nguyễn Thị Liên | I42: SX
G43: =+G42+E43-F43 -> 273.1 | H43: Nguyễn Thị Liên | I43: SX | L43: =339.5+338.5 -> 678
G44: =+G43+E44-F44 -> 273.1 | H44: Nguyễn Thị Liên | I44: SX
G45: =+G44+E45-F45 -> 273.1 | H45: Nguyễn Thị Liên | I45: SX
G46: =+G45+E46-F46 -> 273.1
G47: =+G46+E47-F47 -> 273.1
G48: =+G47+E48-F48 -> 273.1
G49: =+G48+E49-F49 -> 273.1
G50: =+G49+E50-F50 -> 273.1
G51: =+G50+E51-F51 -> 273.1
G52: =+G51+E52-F52 -> 273.1
A53: =+A31+1 -> 24 | G53: =+G52+E53-F53 -> 273.1
A54: =+A53+1 -> 25 | G54: =+G53+E54-F54 -> 273.1
A55: =+A54+1 -> 26 | G55: =+G54+E55-F55 -> 273.1
C56: Tổng cộng | E56: =SUM(E9:E55) -> 0 | F56: =SUM(F9:F55) -> 0.7 | G56: =+E56-F56+G8 -> 273.1

Sheet Túi GVS 10 cuộn 3 lớp không lõi
A1: Công ty TNHH Giấy Đông Á
A2: Thôn Mộc Ty, xã Trưng Trắc, huyện Văn Lâm, tỉnh Hưng Yên
A4: =+'[1]Nilong NKCB'!A4:I5 -> THẺ KHO NGUYÊN VẬT LIỆU
A7: STT | B7: Ngày tháng | C7: Tên nguyên vật liệu | D7: ĐVT | E7: Số lượng nhập | F7: Số lượng xuất | G7: Tồn | H7: Người nhận | I7: Nơi nhận
B8: 45658 | G8: 221 | J8: Trung bình 1kg bao = 47 cái
A9: 1 | B9: 45794 | C9: Túi giấy vệ sinh 3 lớp không lõi xanh dương | D9: kg | F9: 16 | G9: =+G8+E9-F9 -> 205
A10: =+A9+1 -> 2 | B10: 45796 | C10: Túi giấy vệ sinh 3 lớp không lõi xanh dương | D10: kg | F10: 2 | G10: =+G9+E10-F10 -> 203 | H10: Nguyễn Thị Liên | I10: SX
A11: =+A10+1 -> 3 | B11: 45800 | C11: Túi giấy vệ sinh 3 lớp không lõi xanh dương | D11: kg | F11: 3.9 | G11: =+G10+E11-F11 -> 199.1 | H11: Nguyễn Thị Liên | I11: SX
A12: =+A11+1 -> 4 | B12: 45834 | C12: Túi giấy vệ sinh 3 lớp không lõi xanh dương | D12: kg | F12: 2.5 | G12: =+G11+E12-F12 -> 196.6 | H12: Nguyễn Thị Liên | I12: SX
A13: =+A12+1 -> 5 | B13: 45835 | C13: Túi giấy vệ sinh 3 lớp không lõi xanh dương | D13: kg | F13: 12.2 | G13: =+G12+E13-F13 -> 184.4 | H13: Nguyễn Thị Liên | I13: SX
A14: =+A13+1 -> 6 | B14: 45856 | C14: Túi giấy vệ sinh 3 lớp không lõi xanh dương | D14: kg | F14: 4 | G14: =+G13+E14-F14 -> 180.4 | K14: =351/30 -> 11.7
A15: =+A14+1 -> 7 | B15: 45857 | C15: Túi giấy vệ sinh 3 lớp không lõi xanh dương | D15: kg | F15: 10 | G15: =+G14+E15-F15 -> 170.4 | H15: Nguyễn Thị Liên | I15: SX
A16: =+A15+1 -> 8 | B16: 45882 | C16: Túi giấy vệ sinh 3 lớp không lõi xanh dương | D16: kg | F16: 6.3 | G16: =+G15+E16-F16 -> 164.1 | H16: Nguyễn Thị Liên | I16: SX | K16: =11*30+21.4 -> 351.4
A17: =+A16+1 -> 9 | B17: 45884 | C17: Túi giấy vệ sinh 3 lớp không lõi xanh dương | D17: kg | F17: 16.1 | G17: =+G16+E17-F17 -> 148 | H17: Nguyễn Thị Liên | I17: SX
A18: =+A17+1 -> 10 | B18: 45885 | C18: Túi giấy vệ sinh 3 lớp không lõi xanh dương | D18: kg | F18: 18 | G18: =+G17+E18-F18 -> 130 | H18: Nguyễn Thị Liên | I18: SX
A19: =+A18+1 -> 11 | B19: 45940 | C19: Túi giấy vệ sinh 3 lớp không lõi xanh dương | D19: kg | F19: 10.3 | G19: =+G18+E19-F19 -> 119.7
A20: =+A19+1 -> 12 | C20: Túi giấy vệ sinh 3 lớp không lõi xanh dương | D20: kg | G20: =+G19+E20-F20 -> 119.7
A21: =+A20+1 -> 13 | G21: =+G20+E21-F21 -> 119.7
A22: =+A21+1 -> 14 | G22: =+G21+E22-F22 -> 119.7
A23: =+A22+1 -> 15 | G23: =+G22+E23-F23 -> 119.7
A24: =+A23+1 -> 16 | G24: =+G23+E24-F24 -> 119.7
A25: =+A24+1 -> 17 | G25: =+G24+E25-F25 -> 119.7
A26: =+A25+1 -> 18 | G26: =+G25+E26-F26 -> 119.7
A27: =+A26+1 -> 19 | G27: =+G26+E27-F27 -> 119.7
A28: =+A27+1 -> 20 | G28: =+G27+E28-F28 -> 119.7
A29: =+A28+1 -> 21 | G29: =+G28+E29-F29 -> 119.7
A30: =+A29+1 -> 22 | G30: =+G29+E30-F30 -> 119.7
A31: =+A30+1 -> 23 | G31: =+G30+E31-F31 -> 119.7
A32: =+A31+1 -> 24 | G32: =+G31+E32-F32 -> 119.7
A33: =+A32+1 -> 25 | G33: =+G32+E33-F33 -> 119.7
A34: =+A33+1 -> 26 | C34: Tổng cộng | E34: =SUM(E9:E33) -> 0 | F34: =SUM(F9:F33) -> 101.3 | G34: =+E34-F34+G8 -> 119.7

Sheet Túi GVS 12 cuộn 3 lớp không lõi
A1: Công ty TNHH Giấy Đông Á
A2: Thôn Mộc Ty, xã Trưng Trắc, huyện Văn Lâm, tỉnh Hưng Yên
A4: =+'[1]Nilong NKCB'!A4:I5 -> THẺ KHO NGUYÊN VẬT LIỆU
A7: STT | B7: Ngày tháng | C7: Tên nguyên vật liệu | D7: ĐVT | E7: Số lượng nhập | F7: Số lượng xuất | G7: Tồn | H7: Người nhận | I7: Nơi nhận
B8: 45658 | G8: 274.9 | J8: Trung bình 1kg bao = 37 cái
A9: 1 | B9: 45731 | C9: Túi giấy vệ sinh 3 lớp 12 cuộn không lõi xanh dương M932 | D9: kg | F9: 9.8 | G9: =+G8+E9-F9 -> 265.1
A10: =+A9+1 -> 2 | B10: 45733 | C10: Túi giấy vệ sinh 3 lớp 12 cuộn không lõi xanh dương M932 | D10: kg | F10: 21 | G10: =+G9+E10-F10 -> 244.1 | H10: Nguyễn Thị Liên | I10: Thử máy và sx
A11: =+A10+1 -> 3 | B11: 45734 | C11: Túi giấy vệ sinh 3 lớp 12 cuộn không lõi xanh dương M932 | D11: kg | F11: 28.5 | G11: =+G10+E11-F11 -> 215.6 | H11: Nguyễn Thị Liên | I11: Thử máy và sx
A12: =+A11+1 -> 4 | B12: 45732 | C12: Túi giấy vệ sinh 3 lớp 12 cuộn không lõi xanh dương M932 | D12: kg | F12: 28.9 | G12: =+G11+E12-F12 -> 186.7 | H12: Nguyễn Thị Liên | I12: Thử máy và sx
A13: =+A12+1 -> 5 | B13: 45799 | C13: Túi giấy vệ sinh 3 lớp 12 cuộn không lõi xanh dương M932 | D13: kg | F13: 21.9 | G13: =+G12+E13-F13 -> 164.8
A14: =+A13+1 -> 6 | B14: 45800 | C14: Túi giấy vệ sinh 3 lớp 12 cuộn không lõi xanh dương M932 | D14: kg | F14: 12.7 | G14: =+G13+E14-F14 -> 152.1 | H14: Nguyễn Thị Liên | I14: SX | K14: =351/30 -> 11.7
A15: =+A14+1 -> 7 | B15: 45826 | C15: Túi giấy vệ sinh 3 lớp 12 cuộn không lõi xanh dương M932 | D15: kg | F15: 18 | G15: =+G14+E15-F15 -> 134.1 | H15: Nguyễn Thị Liên | I15: SX
A16: =+A15+1 -> 8 | B16: 45827 | C16: Túi giấy vệ sinh 3 lớp 12 cuộn không lõi xanh dương M932 | D16: kg | F16: 18.6 | G16: =+G15+E16-F16 -> 115.5 | H16: Nguyễn Thị Liên | I16: SX | K16: =11*30+21.4 -> 351.4
A17: =+A16+1 -> 9 | B17: 45828 | C17: Túi giấy vệ sinh 3 lớp 12 cuộn không lõi xanh dương M932 | D17: kg | F17: 26.4 | G17: =+G16+E17-F17 -> 89.1 | H17: Nguyễn Thị Liên | I17: SX
A18: =+A17+1 -> 10 | B18: 45829 | C18: Túi giấy vệ sinh 3 lớp 12 cuộn không lõi xanh dương M932 | D18: kg | F18: 16.4 | G18: =+G17+E18-F18 -> 72.7 | H18: Nguyễn Thị Liên | I18: SX
A19: =+A18+1 -> 11 | B19: 45857 | C19: Túi giấy vệ sinh 3 lớp 12 cuộn không lõi xanh dương M932 | D19: kg | F19: 1.4 | G19: =+G18+E19-F19 -> 71.3 | H19: Nguyễn Thị Liên | I19: SX
A20: =+A19+1 -> 12 | B20: 45859 | C20: Túi giấy vệ sinh 3 lớp 12 cuộn không lõi xanh dương M932 | D20: kg | F20: 0.5 | G20: =+G19+E20-F20 -> 70.8 | H20: Nguyễn Thị Liên | I20: SX
A21: =+A20+1 -> 13 | B21: 45874 | C21: Túi giấy vệ sinh 3 lớp 12 cuộn không lõi xanh dương M932 | D21: kg | F21: 18 | G21: =+G20+E21-F21 -> 52.8 | H21: Nguyễn Thị Liên | I21: SX
A22: =+A21+1 -> 14 | B22: 45875 | C22: Túi giấy vệ sinh 3 lớp 12 cuộn không lõi xanh dương M932 | D22: kg | F22: 7 | G22: =+G21+E22-F22 -> 45.8 | H22: Nguyễn Thị Liên | I22: SX
A23: =+A22+1 -> 15 | B23: 45876 | C23: Túi giấy vệ sinh 3 lớp 12 cuộn không lõi xanh dương M932 | D23: kg | F23: 8 | G23: =+G22+E23-F23 -> 37.8 | L23: =32+6+6 -> 44
A24: =+A23+1 -> 16 | B24: 45877 | C24: Túi giấy vệ sinh 3 lớp 12 cuộn không lõi xanh dương M932 | D24: kg | F24: 21.1 | G24: =+G23+E24-F24 -> 16.7 | H24: Nguyễn Thị Liên | I24: SX | L24: =+L23*10+6 -> 446
A25: =+A24+1 -> 17 | B25: 45878 | C25: Túi giấy vệ sinh 3 lớp 12 cuộn không lõi xanh dương M932 | D25: kg | F25: 12.3 | G25: =+G24+E25-F25 -> 4.4 | H25: Nguyễn Thị Liên | I25: SX | L25: =+(1/37)*446 -> 12.054054
A26: =+A25+1 -> 18 | B26: 45880 | C26: Túi giấy vệ sinh 3 lớp 12 cuộn không lõi xanh dương M932 | D26: kg | F26: 5.3 | G26: =+G25+E26-F26 -> -0.9 | H26: Nguyễn Thị Liên | I26: SX
A27: =+A26+1 -> 19 | B27: 45910 | C27: Túi giấy vệ sinh 3 lớp 12 cuộn không lõi xanh dương M932 | D27: kg | E27: 448 | G27: =+G26+E27-F27 -> 447.1 | H27: Nguyễn Thị Liên | I27: SX
A28: =+A27+1 -> 20 | B28: 45911 | C28: Túi giấy vệ sinh 3 lớp 12 cuộn không lõi xanh dương M932 | D28: kg | F28: 15 | G28: =+G27+E28-F28 -> 432.1 | H28: Nguyễn Thị Liên | I28: SX
A29: =+A28+1 -> 21 | B29: 45912 | C29: Túi giấy vệ sinh 3 lớp 12 cuộn không lõi xanh dương M932 | D29: kg | F29: 18.5 | G29: =+G28+E29-F29 -> 413.6 | H29: Nguyễn Thị Liên | I29: SX
A30: =+A29+1 -> 22 | B30: 45913 | C30: Túi giấy vệ sinh 3 lớp 12 cuộn không lõi xanh dương M932 | D30: kg | F30: 21 | G30: =+G29+E30-F30 -> 392.6 | H30: Nguyễn Thị Liên | I30: SX | Q30: =70.8*50 -> 3540
A31: =+A30+1 -> 23 | B31: 45915 | C31: Túi giấy vệ sinh 3 lớp 12 cuộn không lõi xanh dương M932 | D31: kg | F31: 21.5 | G31: =+G30+E31-F31 -> 371.1 | H31: Nguyễn Thị Liên | I31: SX
A32: =+A31+1 -> 24 | B32: 45917 | C32: Túi giấy vệ sinh 3 lớp 12 cuộn không lõi xanh dương M933 | D32: kg | F32: 16.5 | G32: =+G31+E32-F32 -> 354.6 | H32: Nguyễn Thị Liên | I32: SX
A33: =+A32+1 -> 25 | B33: 45918 | C33: Túi giấy vệ sinh 3 lớp 12 cuộn không lõi xanh dương M934 | D33: kg | F33: 5.1 | G33: =+G32+E33-F33 -> 349.5 | H33: Nguyễn Thị Liên | I33: SX
A34: =+A33+1 -> 26 | B34: 45924 | C34: Túi giấy vệ sinh 3 lớp 12 cuộn không lõi xanh dương M934 | D34: kg | F34: 7.6 | G34: =+G33+E34-F34 -> 341.9 | H34: Nguyễn Thị Liên | I34: SX | L34: =+(1/37)*12 -> 0.32432432
A35: =+A34+1 -> 27 | C35: Túi giấy vệ sinh 3 lớp 12 cuộn không lõi xanh dương M934 | D35: kg | G35: =+G34+E35-F35 -> 341.9 | H35: Nguyễn Thị Liên | I35: SX
A36: =+A35+1 -> 28 | C36: Túi giấy vệ sinh 3 lớp 12 cuộn không lõi xanh dương M934 | D36: kg | G36: =+G35+E36-F36 -> 341.9 | H36: Nguyễn Thị Liên | I36: SX
A37: =+A36+1 -> 29 | C37: Túi giấy vệ sinh 3 lớp 12 cuộn không lõi xanh dương M934 | D37: kg | G37: =+G36+E37-F37 -> 341.9 | H37: Nguyễn Thị Liên | I37: SX
A38: =+A37+1 -> 30 | C38: Túi giấy vệ sinh 3 lớp 12 cuộn không lõi xanh dương M934 | D38: kg | G38: =+G37+E38-F38 -> 341.9 | H38: Nguyễn Thị Liên | I38: SX
A39: =+A38+1 -> 31 | C39: Túi giấy vệ sinh 3 lớp 12 cuộn không lõi xanh dương M934 | D39: kg | G39: =+G38+E39-F39 -> 341.9 | H39: Nguyễn Thị Liên | I39: SX
C40: Túi giấy vệ sinh 3 lớp 12 cuộn không lõi xanh dương M934 | D40: kg | G40: =+G39+E40-F40 -> 341.9 | H40: Nguyễn Thị Liên | I40: SX
A41: =+A39+1 -> 32 | C41: Túi giấy vệ sinh 3 lớp 12 cuộn không lõi xanh dương M934 | D41: kg | G41: =+G40+E41-F41 -> 341.9 | H41: Nguyễn Thị Liên | I41: SX
A42: =+A41+1 -> 33 | C42: Túi giấy vệ sinh 3 lớp 12 cuộn không lõi xanh dương M934 | D42: kg | G42: =+G41+E42-F42 -> 341.9 | H42: Nguyễn Thị Liên | I42: SX
A43: =+A42+1 -> 34 | C43: Túi giấy vệ sinh 3 lớp 12 cuộn không lõi xanh dương M935 | D43: kg | G43: =+G42+E43-F43 -> 341.9 | H43: Nguyễn Thị Liên | I43: SX
A44: =+A43+1 -> 35 | C44: Túi giấy vệ sinh 3 lớp 12 cuộn không lõi xanh dương M936 | D44: kg | G44: =+G43+E44-F44 -> 341.9 | H44: Nguyễn Thị Liên | I44: SX
A45: =+A44+1 -> 36 | C45: Túi giấy vệ sinh 3 lớp 12 cuộn không lõi xanh dương M937 | D45: kg | G45: =+G44+E45-F45 -> 341.9 | H45: Nguyễn Thị Liên | I45: SX
A46: =+A45+1 -> 37 | C46: Túi giấy vệ sinh 3 lớp 12 cuộn không lõi xanh dương M938 | D46: kg | G46: =+G45+E46-F46 -> 341.9 | H46: Nguyễn Thị Liên | I46: SX
A47: =+A46+1 -> 38 | C47: Túi giấy vệ sinh 3 lớp 12 cuộn không lõi xanh dương M939 | D47: kg | G47: =+G46+E47-F47 -> 341.9 | H47: Nguyễn Thị Liên | I47: SX
A48: =+A47+1 -> 39 | C48: Túi giấy vệ sinh 3 lớp 12 cuộn không lõi xanh dương M940 | D48: kg | G48: =+G47+E48-F48 -> 341.9 | H48: Nguyễn Thị Liên | I48: SX
A49: =+A48+1 -> 40 | C49: Túi giấy vệ sinh 3 lớp 12 cuộn không lõi xanh dương M941 | D49: kg | G49: =+G48+E49-F49 -> 341.9 | H49: Nguyễn Thị Liên | I49: SX
A50: =+A49+1 -> 41 | G50: =+G49+E50-F50 -> 341.9
A51: =+A50+1 -> 42 | G51: =+G50+E51-F51 -> 341.9
A52: =+A51+1 -> 43 | G52: =+G51+E52-F52 -> 341.9
A53: =+A52+1 -> 44 | G53: =+G52+E53-F53 -> 341.9
A54: =+A53+1 -> 45 | G54: =+G53+E54-F54 -> 341.9
A55: =+A54+1 -> 46 | G55: =+G54+E55-F55 -> 341.9
A56: =+A55+1 -> 47 | G56: =+G55+E56-F56 -> 341.9
A57: =+A56+1 -> 48 | G57: =+G56+E57-F57 -> 341.9
A58: =+A57+1 -> 49 | G58: =+G57+E58-F58 -> 341.9
A59: =+A58+1 -> 50 | G59: =+G58+E59-F59 -> 341.9
A60: =+A59+1 -> 51 | G60: =+G59+E60-F60 -> 341.9
C61: Tổng cộng | E61: =SUM(E9:E60) -> 448 | F61: =SUM(F9:F60) -> 381 | G61: =+E61-F61+G8 -> 341.9

Sheet Túi GVS có lõi Shera 12 cuộn
A1: Công ty TNHH Giấy Đông Á
A2: Thôn Mộc Ty, xã Trưng Trắc, huyện Văn Lâm, tỉnh Hưng Yên
A4: =+'[1]Nilong NKCB'!A4:I5 -> THẺ KHO NGUYÊN VẬT LIỆU
A7: STT | B7: Ngày tháng | C7: Tên nguyên vật liệu | D7: ĐVT | E7: Số lượng nhập | F7: Số lượng xuất | G7: Tồn | H7: Người nhận | I7: Nơi nhận
B8: 45658 | G8: 250.3 | J8: Trung bình 1kg bao = 37 cái
A9: 1 | B9: 45693 | C9: Túi Giấy vệ sinh có lõi 12 cuộn Shera | D9: kg | F9: 7.4 | G9: =+G8+E9-F9 -> 242.9
A10: =+A9+1 -> 2 | B10: 45694 | D10: kg | F10: 10 | G10: =+G9+E10-F10 -> 232.9 | H10: Nguyễn Thị Liên | I10: Thử máy và sx
A11: =+A10+1 -> 3 | B11: 45719 | D11: kg | E11: 7.6 | F11: 11 | G11: =+G10+E11-F11 -> 229.5 | H11: Nguyễn Thị Liên | I11: Thử máy và sx
A12: =+A11+1 -> 4 | B12: 45720 | D12: kg | F12: 11.4 | G12: =+G11+E12-F12 -> 218.1 | H12: Nguyễn Thị Liên | I12: Thử máy và sx
A13: =+A12+1 -> 5 | B13: 45721 | D13: kg | F13: 17.5 | G13: =+G12+E13-F13 -> 200.6
A14: =+A13+1 -> 6 | B14: 45818 | D14: kg | F14: 10.6 | G14: =+G13+E14-F14 -> 190 | H14: Nguyễn Thị Liên | I14: SX | K14: =351/30 -> 11.7
A15: =+A14+1 -> 7 | B15: 45819 | D15: kg | F15: 21.9 | G15: =+G14+E15-F15 -> 168.1 | H15: Nguyễn Thị Liên | I15: SX
A16: =+A15+1 -> 8 | B16: 45919 | D16: kg | F16: 13 | G16: =+G15+E16-F16 -> 155.1
A17: =+A16+1 -> 9 | B17: 45920 | D17: kg | F17: 16.1 | G17: =+G16+E17-F17 -> 139 | H17: Nguyễn Thị Liên | I17: SX | K17: =11*30+21.4 -> 351.4
A18: =+A17+1 -> 10 | B18: 45922 | D18: kg | F18: 15.9 | G18: =+G17+E18-F18 -> 123.1 | H18: Nguyễn Thị Liên | I18: SX
A19: =+A18+1 -> 11 | B19: 45923 | D19: kg | F19: 10.5 | G19: =+G18+E19-F19 -> 112.6 | H19: Nguyễn Thị Liên | I19: SX
A20: =+A19+1 -> 12 | D20: kg | G20: =+G19+E20-F20 -> 112.6 | H20: Nguyễn Thị Liên | I20: SX
A21: =+A20+1 -> 13 | D21: kg | G21: =+G20+E21-F21 -> 112.6 | H21: Nguyễn Thị Liên | I21: SX
A22: =+A21+1 -> 14 | D22: kg | G22: =+G21+E22-F22 -> 112.6 | H22: Nguyễn Thị Liên | I22: SX
A23: =+A22+1 -> 15 | D23: kg | G23: =+G22+E23-F23 -> 112.6 | H23: Nguyễn Thị Liên | I23: SX
A24: =+A23+1 -> 16 | D24: kg | G24: =+G23+E24-F24 -> 112.6 | L24: =32+6+6 -> 44
A25: =+A24+1 -> 17 | D25: kg | G25: =+G24+E25-F25 -> 112.6 | H25: Nguyễn Thị Liên | I25: SX | L25: =+L24*10+6 -> 446
A26: =+A25+1 -> 18 | D26: kg | G26: =+G25+E26-F26 -> 112.6 | H26: Nguyễn Thị Liên | I26: SX | L26: =+(1/37)*446 -> 12.054054
A27: =+A26+1 -> 19 | D27: kg | G27: =+G26+E27-F27 -> 112.6 | H27: Nguyễn Thị Liên | I27: SX
A28: =+A27+1 -> 20 | D28: kg | G28: =+G27+E28-F28 -> 112.6 | H28: Nguyễn Thị Liên | I28: SX
A29: =+A28+1 -> 21 | D29: kg | G29: =+G28+E29-F29 -> 112.6 | H29: Nguyễn Thị Liên | I29: SX | P29: =120-86 -> 34
A30: =+A29+1 -> 22 | D30: kg | G30: =+G29+E30-F30 -> 112.6 | H30: Nguyễn Thị Liên | I30: SX
A31: =+A30+1 -> 23 | D31: kg | G31: =+G30+E31-F31 -> 112.6 | H31: Nguyễn Thị Liên | I31: SX
A32: =+A31+1 -> 24 | D32: kg | G32: =+G31+E32-F32 -> 112.6 | H32: Nguyễn Thị Liên | I32: SX
A33: =+A32+1 -> 25 | D33: kg | G33: =+G32+E33-F33 -> 112.6 | H33: Nguyễn Thị Liên | I33: SX
A34: =+A33+1 -> 26 | D34: kg | G34: =+G33+E34-F34 -> 112.6 | H34: Nguyễn Thị Liên | I34: SX
A35: =+A34+1 -> 27 | D35: kg | G35: =+G34+E35-F35 -> 112.6 | H35: Nguyễn Thị Liên | I35: SX | L35: =+(1/37)*12 -> 0.32432432
A36: =+A35+1 -> 28 | D36: kg | G36: =+G35+E36-F36 -> 112.6 | H36: Nguyễn Thị Liên | I36: SX
A37: =+A36+1 -> 29 | D37: kg | G37: =+G36+E37-F37 -> 112.6 | H37: Nguyễn Thị Liên | I37: SX
A38: =+A37+1 -> 30 | D38: kg | G38: =+G37+E38-F38 -> 112.6 | H38: Nguyễn Thị Liên | I38: SX
A39: =+A38+1 -> 31 | D39: kg | G39: =+G38+E39-F39 -> 112.6 | H39: Nguyễn Thị Liên | I39: SX
A40: =+A39+1 -> 32 | D40: kg | G40: =+G39+E40-F40 -> 112.6 | H40: Nguyễn Thị Liên | I40: SX
A41: =+A40+1 -> 33 | D41: kg | G41: =+G40+E41-F41 -> 112.6 | H41: Nguyễn Thị Liên | I41: SX
A42: =+A41+1 -> 34 | D42: kg | G42: =+G41+E42-F42 -> 112.6 | H42: Nguyễn Thị Liên | I42: SX
A43: =+A42+1 -> 35 | D43: kg | G43: =+G42+E43-F43 -> 112.6 | H43: Nguyễn Thị Liên | I43: SX
A44: =+A43+1 -> 36 | D44: kg | G44: =+G43+E44-F44 -> 112.6 | H44: Nguyễn Thị Liên | I44: SX
A45: =+A44+1 -> 37 | D45: kg | G45: =+G44+E45-F45 -> 112.6 | H45: Nguyễn Thị Liên | I45: SX
A46: =+A45+1 -> 38 | D46: kg | G46: =+G45+E46-F46 -> 112.6 | H46: Nguyễn Thị Liên | I46: SX
A47: =+A46+1 -> 39 | D47: kg | G47: =+G46+E47-F47 -> 112.6 | H47: Nguyễn Thị Liên | I47: SX
... A50: =+A49+1 -> 42 | D50: kg | G50: =+G49+E50-F50 -> 112.6 | H50: Nguyễn Thị Liên | I50: SX
A51: =+A50+1 -> 43 | G51: =+G50+E51-F51 -> 112.6
A52: =+A51+1 -> 44 | G52: =+G51+E52-F52 -> 112.6
A53: =+A52+1 -> 45 | G53: =+G52+E53-F53 -> 112.6
A54: =+A53+1 -> 46 | G54: =+G53+E54-F54 -> 112.6
A55: =+A54+1 -> 47 | G55: =+G54+E55-F55 -> 112.6
A56: =+A55+1 -> 48 | G56: =+G55+E56-F56 -> 112.6
A57: =+A56+1 -> 49 | G57: =+G56+E57-F57 -> 112.6
A58: =+A57+1 -> 50 | G58: =+G57+E58-F58 -> 112.6
A59: =+A58+1 -> 51 | G59: =+G58+E59-F59 -> 112.6
A60: =+A59+1 -> 52 | G60: =+G59+E60-F60 -> 112.6
A61: =+A60+1 -> 53 | G61: =+G60+E61-F61 -> 112.6
C62: Tổng cộng | E62: =SUM(E9:E61) -> 7.6 | F62: =SUM(F9:F61) -> 145.3 | G62: =+E62-F62+G8 -> 112.6

Sheet Nilon NK cánh bướm
A1: Công ty TNHH Giấy Đông Á
A2: Thôn Mộc Ty, xã Trưng Trắc, huyện Văn Lâm, tỉnh Hưng Yên
A4: =+'[1]Phôi giấy KH 760'!A4:I5 -> THẺ KHO NGUYÊN VẬT LIỆU
A7: STT | B7: Ngày tháng | C7: Tên nguyên vật liệu | D7: ĐVT | E7: Số lượng nhập | F7: Số lượng xuất | G7: Tồn | H7: Người nhận | I7: Nơi nhận
B8: 45658 | C8: Tồn đầu kỳ | G8: 10
A9: 1 | C9: Túi nilong Napkin 33*33 Cánh Bướm | D9: Kg | G9: =+G8+E9-F9 -> 10
A10: =+A9+1 -> 2 | G10: =+G9+E10-F10 -> 10
A11: =+A10+1 -> 3 | G11: =+G10+E11-F11 -> 10
A12: =+A11+1 -> 4 | G12: =+G11+E12-F12 -> 10
A13: =+A12+1 -> 5 | G13: =+G12+E13-F13 -> 10
A14: =+A13+1 -> 6 | G14: =+G13+E14-F14 -> 10
A15: =+A14+1 -> 7 | G15: =+G14+E15-F15 -> 10
A16: =+A15+1 -> 8 | G16: =+G15+E16-F16 -> 10
A17: =+A16+1 -> 9 | G17: =+G16+E17-F17 -> 10
A18: =+A17+1 -> 10 | G18: =+G17+E18-F18 -> 10
A19: =+A18+1 -> 11 | G19: =+G18+E19-F19 -> 10
A20: =+A19+1 -> 12 | G20: =+G19+E20-F20 -> 10
A21: =+A20+1 -> 13 | G21: =+G20+E21-F21 -> 10
... A35: =+A34+1 -> 27 | G35: =+G34+E35-F35 -> 10
A36: =+#REF!+1 -> #REF! | G36: =+G35+E36-F36 -> 10
